timestamp,workpiece_x,status,cycle_time
1774795029.239858,-2.6,Moving on Conveyor,0.0
1774795029.2491198,-2.585,Moving on Conveyor,0.01
1774795029.2534525,-2.57,Moving on Conveyor,0.01
1774795029.2578063,-2.555,Moving on Conveyor,0.02
1774795029.2621107,-2.54,Moving on Conveyor,0.02
1774795029.2664611,-2.525,Moving on Conveyor,0.03
1774795029.2707896,-2.51,Moving on Conveyor,0.03
1774795029.2751093,-2.495,Moving on Conveyor,0.04
1774795029.2794566,-2.48,Moving on Conveyor,0.04
1774795029.2837844,-2.465,Moving on Conveyor,0.04
1774795029.2880838,-2.45,Moving on Conveyor,0.05
1774795029.292428,-2.435,Moving on Conveyor,0.05
1774795029.296725,-2.42,Moving on Conveyor,0.06
1774795029.3010626,-2.405,Moving on Conveyor,0.06
1774795029.3053756,-2.39,Moving on Conveyor,0.07
1774795029.3097024,-2.375,Moving on Conveyor,0.07
1774795029.3140473,-2.36,Moving on Conveyor,0.07
1774795029.3184009,-2.345,Moving on Conveyor,0.08
1774795029.322729,-2.33,Moving on Conveyor,0.08
1774795029.3270502,-2.315,Moving on Conveyor,0.09
1774795029.3314316,-2.3,Assembly,0.09
1774795029.3357546,-2.298,Assembly,0.1
1774795029.3400881,-2.296,Assembly,0.1
1774795029.3444016,-2.294,Assembly,0.1
1774795029.348707,-2.292,Assembly,0.11
1774795029.353027,-2.29,Assembly,0.11
1774795029.3573613,-2.288,Assembly,0.12
1774795029.3616827,-2.286,Assembly,0.12
1774795029.365987,-2.284,Assembly,0.13
1774795029.3702831,-2.282,Assembly,0.13
1774795029.3746216,-2.28,Assembly,0.13
1774795029.3789291,-2.278,Assembly,0.14
1774795029.38324,-2.276,Assembly,0.14
1774795029.3875544,-2.274,Assembly,0.15
1774795029.3919098,-2.272,Assembly,0.15
1774795029.396246,-2.27,Assembly,0.16
1774795029.40057,-2.268,Assembly,0.16
1774795029.4048917,-2.266,Assembly,0.17
1774795029.4092321,-2.264,Assembly,0.17
1774795029.4135542,-2.262,Assembly,0.17
1774795029.4178896,-2.26,Assembly,0.18
1774795029.4221997,-2.258,Assembly,0.18
1774795029.4265473,-2.256,Assembly,0.19
1774795029.430896,-2.254,Assembly,0.19
1774795029.4352741,-2.252,Assembly,0.2
1774795029.439631,-2.25,Assembly,0.2
1774795029.443984,-2.248,Assembly,0.2
1774795029.448308,-2.246,Assembly,0.21
1774795029.4526594,-2.244,Assembly,0.21
1774795029.4572034,-2.242,Assembly,0.22
1774795029.4615963,-2.24,Assembly,0.22
1774795029.465927,-2.238,Assembly,0.23
1774795029.470257,-2.236,Assembly,0.23
1774795029.4745777,-2.234,Assembly,0.23
1774795029.4788826,-2.232,Assembly,0.24
1774795029.4831946,-2.23,Assembly,0.24
1774795029.4874966,-2.228,Assembly,0.25
1774795029.491915,-2.226,Assembly,0.25
1774795029.496236,-2.224,Assembly,0.26
1774795029.5005362,-2.222,Assembly,0.26
1774795029.5048537,-2.22,Assembly,0.27
1774795029.5091722,-2.218,Assembly,0.27
1774795029.51348,-2.216,Assembly,0.27
1774795029.5178025,-2.214,Assembly,0.28
1774795029.5221229,-2.212,Assembly,0.28
1774795029.5264843,-2.21,Assembly,0.29
1774795029.5308006,-2.208,Assembly,0.29
1774795029.5351608,-2.206,Assembly,0.3
1774795029.5394807,-2.204,Assembly,0.3
1774795029.543856,-2.202,Assembly,0.3
1774795029.5487847,-2.2,Assembly,0.31
1774795029.5531013,-2.198,Assembly,0.31
1774795029.5574486,-2.196,Assembly,0.32
1774795029.561804,-2.194,Assembly,0.32
1774795029.5661454,-2.192,Assembly,0.33
1774795029.570453,-2.19,Assembly,0.33
1774795029.5748076,-2.188,Assembly,0.34
1774795029.579119,-2.186,Assembly,0.34
1774795029.5834773,-2.184,Assembly,0.34
1774795029.587793,-2.182,Assembly,0.35
1774795029.5921178,-2.18,Assembly,0.35
1774795029.5964382,-2.178,Assembly,0.36
1774795029.6007516,-2.176,Assembly,0.36
1774795029.605084,-2.174,Assembly,0.37
1774795029.6094885,-2.172,Assembly,0.37
1774795029.6138337,-2.17,Assembly,0.37
1774795029.618169,-2.168,Assembly,0.38
1774795029.6224651,-2.166,Assembly,0.38
1774795029.626792,-2.164,Assembly,0.39
1774795029.6311173,-2.162,Assembly,0.39
1774795029.6354494,-2.16,Assembly,0.4
1774795029.6397853,-2.158,Assembly,0.4
1774795029.6441302,-2.156,Assembly,0.4
1774795029.6484358,-2.154,Assembly,0.41
1774795029.6527784,-2.152,Assembly,0.41
1774795029.657089,-2.15,Assembly,0.42
1774795029.661382,-2.148,Assembly,0.42
1774795029.665707,-2.146,Assembly,0.43
1774795029.6700094,-2.144,Assembly,0.43
1774795029.6743145,-2.142,Assembly,0.43
1774795029.6786983,-2.14,Assembly,0.44
1774795029.6860778,-2.138,Assembly,0.45
1774795029.6904535,-2.136,Assembly,0.45
1774795029.694803,-2.134,Assembly,0.46
1774795029.6991255,-2.132,Assembly,0.46
1774795029.7034507,-2.13,Assembly,0.46
1774795029.707786,-2.128,Assembly,0.47
1774795029.7121134,-2.126,Assembly,0.47
1774795029.716436,-2.124,Assembly,0.48
1774795029.7208185,-2.122,Assembly,0.48
1774795029.7251694,-2.12,Assembly,0.49
1774795029.7294977,-2.118,Assembly,0.49
1774795029.7338347,-2.116,Assembly,0.49
1774795029.7382095,-2.114,Assembly,0.5
1774795029.742574,-2.112,Assembly,0.5
1774795029.746927,-2.11,Assembly,0.51
1774795029.7513452,-2.108,Assembly,0.51
1774795029.7557425,-2.106,Assembly,0.52
1774795029.760113,-2.104,Assembly,0.52
1774795029.7645226,-2.102,Assembly,0.52
1774795029.7689476,-2.1,Assembly,0.53
1774795029.7732635,-2.098,Assembly,0.53
1774795029.7775996,-2.096,Assembly,0.54
1774795029.781943,-2.094,Assembly,0.54
1774795029.7862709,-2.092,Assembly,0.55
1774795029.7906466,-2.09,Assembly,0.55
1774795029.794975,-2.088,Assembly,0.56
1774795029.7992775,-2.086,Assembly,0.56
1774795029.803618,-2.084,Assembly,0.56
1774795029.807952,-2.082,Assembly,0.57
1774795029.8122778,-2.08,Assembly,0.57
1774795029.8166265,-2.078,Assembly,0.58
1774795029.8209715,-2.076,Assembly,0.58
1774795029.8253305,-2.074,Assembly,0.59
1774795029.8296938,-2.072,Assembly,0.59
1774795029.8340046,-2.07,Assembly,0.59
1774795029.8383331,-2.068,Assembly,0.6
1774795029.8426487,-2.066,Assembly,0.6
1774795029.8469696,-2.064,Assembly,0.61
1774795029.8512878,-2.062,Assembly,0.61
1774795029.8556304,-2.06,Assembly,0.62
1774795029.8599994,-2.058,Assembly,0.62
1774795029.864365,-2.056,Assembly,0.62
1774795029.8686988,-2.054,Assembly,0.63
1774795029.8730197,-2.052,Assembly,0.63
1774795029.877322,-2.05,Assembly,0.64
1774795029.8816726,-2.048,Assembly,0.64
1774795029.8860571,-2.046,Assembly,0.65
1774795029.8903832,-2.044,Assembly,0.65
1774795029.8947363,-2.042,Assembly,0.65
1774795029.8990786,-2.04,Assembly,0.66
1774795029.9033926,-2.038,Assembly,0.66
1774795029.9077086,-2.036,Assembly,0.67
1774795029.9120324,-2.034,Assembly,0.67
1774795029.9163673,-2.032,Assembly,0.68
1774795029.920699,-2.03,Assembly,0.68
1774795029.9250336,-2.028,Assembly,0.69
1774795029.9293592,-2.026,Assembly,0.69
1774795029.9337618,-2.024,Assembly,0.69
1774795029.9381278,-2.022,Assembly,0.7
1774795029.9424503,-2.02,Assembly,0.7
1774795029.946785,-2.018,Assembly,0.71
1774795029.9511433,-2.016,Assembly,0.71
1774795029.955459,-2.014,Assembly,0.72
1774795029.9598048,-2.012,Assembly,0.72
1774795029.9641745,-2.01,Assembly,0.72
1774795029.9684932,-2.008,Assembly,0.73
1774795029.972844,-2.006,Assembly,0.73
1774795029.977191,-2.004,Assembly,0.74
1774795029.9815602,-2.002,Assembly,0.74
1774795029.9859123,-2.0,Assembly,0.75
1774795029.990261,-1.998,Assembly,0.75
1774795029.994617,-1.996,Assembly,0.75
1774795029.9989362,-1.994,Assembly,0.76
1774795030.003267,-1.992,Assembly,0.76
1774795030.0075693,-1.99,Assembly,0.77
1774795030.0118864,-1.988,Assembly,0.77
1774795030.0162182,-1.986,Assembly,0.78
1774795030.0205433,-1.984,Assembly,0.78
1774795030.0248675,-1.982,Assembly,0.79
1774795030.029183,-1.98,Assembly,0.79
1774795030.0334868,-1.978,Assembly,0.79
1774795030.0378165,-1.976,Assembly,0.8
1774795030.0421374,-1.974,Assembly,0.8
1774795030.04652,-1.972,Assembly,0.81
1774795030.0508301,-1.97,Assembly,0.81
1774795030.0551567,-1.968,Assembly,0.82
1774795030.0595415,-1.966,Assembly,0.82
1774795030.0638885,-1.964,Assembly,0.82
1774795030.068251,-1.962,Assembly,0.83
1774795030.0726106,-1.96,Assembly,0.83
1774795030.076926,-1.958,Assembly,0.84
1774795030.0812597,-1.956,Assembly,0.84
1774795030.0856216,-1.954,Assembly,0.85
1774795030.089929,-1.952,Assembly,0.85
1774795030.094257,-1.95,Assembly,0.85
1774795030.0985844,-1.948,Assembly,0.86
1774795030.1028965,-1.946,Assembly,0.86
1774795030.1072326,-1.944,Assembly,0.87
1774795030.1116076,-1.942,Assembly,0.87
1774795030.1159444,-1.94,Assembly,0.88
1774795030.1231875,-1.938,Assembly,0.88
1774795030.1274905,-1.936,Assembly,0.89
1774795030.1318793,-1.934,Assembly,0.89
1774795030.1361911,-1.932,Assembly,0.9
1774795030.1404982,-1.93,Assembly,0.9
1774795030.144838,-1.928,Assembly,0.91
1774795030.149154,-1.926,Assembly,0.91
1774795030.1534698,-1.924,Assembly,0.91
1774795030.1577873,-1.922,Assembly,0.92
1774795030.16212,-1.92,Assembly,0.92
1774795030.1664383,-1.918,Assembly,0.93
1774795030.170754,-1.916,Assembly,0.93
1774795030.1750824,-1.914,Assembly,0.94
1774795030.1794362,-1.912,Assembly,0.94
1774795030.183747,-1.91,Assembly,0.94
1774795030.1880994,-1.908,Assembly,0.95
1774795030.1924093,-1.906,Assembly,0.95
1774795030.1967537,-1.904,Assembly,0.96
1774795030.2010782,-1.902,Assembly,0.96
1774795030.205397,-1.9,Assembly,0.97
1774795030.2097237,-1.898,Assembly,0.97
1774795030.214056,-1.896,Assembly,0.97
1774795030.2184718,-1.894,Assembly,0.98
1774795030.2228508,-1.892,Assembly,0.98
1774795030.2271729,-1.89,Assembly,0.99
1774795030.2314513,-1.888,Assembly,0.99
1774795030.2358258,-1.886,Assembly,1.0
1774795030.2401917,-1.884,Assembly,1.0
1774795030.244483,-1.882,Assembly,1.0
1774795030.2488837,-1.88,Assembly,1.01
1774795030.253217,-1.878,Assembly,1.01
1774795030.257571,-1.876,Assembly,1.02
1774795030.2619097,-1.874,Assembly,1.02
1774795030.2661974,-1.872,Assembly,1.03
1774795030.270474,-1.87,Assembly,1.03
1774795030.2748325,-1.868,Assembly,1.04
1774795030.2791722,-1.866,Assembly,1.04
1774795030.2834675,-1.864,Assembly,1.04
1774795030.2878275,-1.862,Assembly,1.05
1774795030.2921686,-1.86,Assembly,1.05
1774795030.2964902,-1.858,Assembly,1.06
1774795030.3008053,-1.856,Assembly,1.06
1774795030.305117,-1.854,Assembly,1.07
1774795030.3094409,-1.852,Assembly,1.07
1774795030.3137789,-1.85,Assembly,1.07
1774795030.318125,-1.848,Assembly,1.08
1774795030.322447,-1.846,Assembly,1.08
1774795030.326768,-1.844,Assembly,1.09
1774795030.331098,-1.842,Assembly,1.09
1774795030.3354332,-1.84,Assembly,1.1
1774795030.3397827,-1.838,Assembly,1.1
1774795030.3440974,-1.836,Assembly,1.1
1774795030.3483899,-1.834,Assembly,1.11
1774795030.3527062,-1.832,Assembly,1.11
1774795030.3570194,-1.83,Assembly,1.12
1774795030.3613272,-1.828,Assembly,1.12
1774795030.3656332,-1.826,Assembly,1.13
1774795030.369952,-1.824,Assembly,1.13
1774795030.3742912,-1.822,Assembly,1.13
1774795030.378656,-1.82,Assembly,1.14
1774795030.3829644,-1.818,Assembly,1.14
1774795030.3873327,-1.816,Assembly,1.15
1774795030.3916643,-1.814,Assembly,1.15
1774795030.3959773,-1.812,Assembly,1.16
1774795030.4003062,-1.81,Assembly,1.16
1774795030.4046102,-1.808,Assembly,1.16
1774795030.4089577,-1.806,Assembly,1.17
1774795030.4132764,-1.804,Assembly,1.17
1774795030.417585,-1.802,Assembly,1.18
1774795030.42191,-1.8,Assembly,1.18
1774795030.4262493,-1.798,Assembly,1.19
1774795030.4305673,-1.796,Assembly,1.19
1774795030.4348798,-1.794,Assembly,1.2
1774795030.439194,-1.792,Assembly,1.2
1774795030.4434652,-1.79,Assembly,1.2
1774795030.4478319,-1.788,Assembly,1.21
1774795030.452151,-1.786,Assembly,1.21
1774795030.4564505,-1.784,Assembly,1.22
1774795030.460797,-1.782,Assembly,1.22
1774795030.4651334,-1.78,Assembly,1.23
1774795030.4694548,-1.778,Assembly,1.23
1774795030.4738266,-1.776,Assembly,1.23
1774795030.478186,-1.774,Assembly,1.24
1774795030.4824817,-1.772,Assembly,1.24
1774795030.4868407,-1.77,Assembly,1.25
1774795030.4911928,-1.768,Assembly,1.25
1774795030.4954476,-1.766,Assembly,1.26
1774795030.4997919,-1.764,Assembly,1.26
1774795030.5041046,-1.762,Assembly,1.26
1774795030.508453,-1.76,Assembly,1.27
1774795030.5128305,-1.758,Assembly,1.27
1774795030.5171528,-1.756,Assembly,1.28
1774795030.5214608,-1.754,Assembly,1.28
1774795030.5257978,-1.752,Assembly,1.29
1774795030.5301383,-1.75,Assembly,1.29
1774795030.5345132,-1.748,Assembly,1.29
1774795030.5388253,-1.746,Assembly,1.3
1774795030.5431194,-1.744,Assembly,1.3
1774795030.5474672,-1.742,Assembly,1.31
1774795030.5518074,-1.74,Assembly,1.31
1774795030.5602915,-1.738,Assembly,1.32
1774795030.5646462,-1.736,Assembly,1.32
1774795030.5689793,-1.734,Assembly,1.33
1774795030.5733204,-1.732,Assembly,1.33
1774795030.577636,-1.73,Assembly,1.34
1774795030.581983,-1.728,Assembly,1.34
1774795030.5863276,-1.726,Assembly,1.35
1774795030.5906458,-1.724,Assembly,1.35
1774795030.594952,-1.722,Assembly,1.36
1774795030.5992556,-1.72,Assembly,1.36
1774795030.603556,-1.718,Assembly,1.36
1774795030.6078951,-1.716,Assembly,1.37
1774795030.6122072,-1.714,Assembly,1.37
1774795030.61654,-1.712,Assembly,1.38
1774795030.620865,-1.71,Assembly,1.38
1774795030.6251812,-1.708,Assembly,1.39
1774795030.6295047,-1.706,Assembly,1.39
1774795030.6338124,-1.704,Assembly,1.39
1774795030.6381185,-1.702,Assembly,1.4
1774795030.6424794,-1.7,Assembly,1.4
1774795030.6468337,-1.698,Moving on Conveyor,1.41
1774795030.651181,-1.683,Moving on Conveyor,1.41
1774795030.655571,-1.668,Moving on Conveyor,1.42
1774795030.659883,-1.653,Moving on Conveyor,1.42
1774795030.6641784,-1.638,Moving on Conveyor,1.42
1774795030.6684635,-1.623,Moving on Conveyor,1.43
1774795030.672788,-1.608,Moving on Conveyor,1.43
1774795030.6771064,-1.593,Moving on Conveyor,1.44
1774795030.681439,-1.578,Moving on Conveyor,1.44
1774795030.685793,-1.563,Moving on Conveyor,1.45
1774795030.6901503,-1.548,Moving on Conveyor,1.45
1774795030.69451,-1.533,Moving on Conveyor,1.45
1774795030.6988304,-1.518,Moving on Conveyor,1.46
1774795030.7031617,-1.503,Moving on Conveyor,1.46
1774795030.7074718,-1.488,Moving on Conveyor,1.47
1774795030.7118208,-1.473,Moving on Conveyor,1.47
1774795030.7161412,-1.458,Moving on Conveyor,1.48
1774795030.7204802,-1.443,Moving on Conveyor,1.48
1774795030.724818,-1.428,Moving on Conveyor,1.49
1774795030.72918,-1.413,Moving on Conveyor,1.49
1774795030.7335465,-1.398,Moving on Conveyor,1.49
1774795030.7379055,-1.383,Moving on Conveyor,1.5
1774795030.7422497,-1.368,Moving on Conveyor,1.5
1774795030.7466264,-1.353,Moving on Conveyor,1.51
1774795030.7509954,-1.338,Moving on Conveyor,1.51
1774795030.7553377,-1.323,Moving on Conveyor,1.52
1774795030.7597156,-1.308,Moving on Conveyor,1.52
1774795030.764083,-1.293,Moving on Conveyor,1.52
1774795030.7684054,-1.278,Moving on Conveyor,1.53
1774795030.7727683,-1.263,Moving on Conveyor,1.53
1774795030.777164,-1.248,Moving on Conveyor,1.54
1774795030.781535,-1.233,Moving on Conveyor,1.54
1774795030.785911,-1.218,Moving on Conveyor,1.55
1774795030.790257,-1.203,Moving on Conveyor,1.55
1774795030.7946198,-1.188,Moving on Conveyor,1.55
1774795030.7989538,-1.173,Moving on Conveyor,1.56
1774795030.803271,-1.158,Moving on Conveyor,1.56
1774795030.8076077,-1.143,Moving on Conveyor,1.57
1774795030.8119648,-1.128,Moving on Conveyor,1.57
1774795030.8162832,-1.113,Moving on Conveyor,1.58
1774795030.8206081,-1.098,Moving on Conveyor,1.58
1774795030.8249657,-1.083,Moving on Conveyor,1.59
1774795030.8292918,-1.068,Moving on Conveyor,1.59
1774795030.8336453,-1.053,Moving on Conveyor,1.59
1774795030.8379924,-1.038,Moving on Conveyor,1.6
1774795030.8423688,-1.023,Moving on Conveyor,1.6
1774795030.8467057,-1.008,Moving on Conveyor,1.61
1774795030.8510308,-0.993,Moving on Conveyor,1.61
1774795030.8553572,-0.978,Moving on Conveyor,1.62
1774795030.8597693,-0.963,Moving on Conveyor,1.62
1774795030.8641038,-0.948,Moving on Conveyor,1.62
1774795030.86844,-0.933,Moving on Conveyor,1.63
1774795030.872846,-0.918,Moving on Conveyor,1.63
1774795030.8771737,-0.903,Moving on Conveyor,1.64
1774795030.8814547,-0.888,Moving on Conveyor,1.64
1774795030.885799,-0.873,Moving on Conveyor,1.65
1774795030.8901339,-0.858,Moving on Conveyor,1.65
1774795030.8944569,-0.843,Moving on Conveyor,1.65
1774795030.8988082,-0.828,Moving on Conveyor,1.66
1774795030.903141,-0.813,Moving on Conveyor,1.66
1774795030.907466,-0.798,Moving on Conveyor,1.67
1774795030.91182,-0.783,Moving on Conveyor,1.67
1774795030.9161713,-0.768,Moving on Conveyor,1.68
1774795030.9205084,-0.753,Moving on Conveyor,1.68
1774795030.9248638,-0.738,Moving on Conveyor,1.69
1774795030.9291732,-0.723,Moving on Conveyor,1.69
1774795030.9335482,-0.708,Moving on Conveyor,1.69
1774795030.9378808,-0.693,Moving on Conveyor,1.7
1774795030.9422247,-0.678,Moving on Conveyor,1.7
1774795030.9465737,-0.663,Moving on Conveyor,1.71
1774795030.9509225,-0.648,Moving on Conveyor,1.71
1774795030.9552426,-0.633,Moving on Conveyor,1.72
1774795030.9595792,-0.618,Moving on Conveyor,1.72
1774795030.9639313,-0.603,Moving on Conveyor,1.72
1774795030.9682565,-0.588,Moving on Conveyor,1.73
1774795030.9725864,-0.573,Moving on Conveyor,1.73
1774795030.9769254,-0.558,Moving on Conveyor,1.74
1774795030.9812603,-0.543,Moving on Conveyor,1.74
1774795030.985587,-0.528,Moving on Conveyor,1.75
1774795030.9899209,-0.513,Moving on Conveyor,1.75
1774795030.9984806,-0.498,Moving on Conveyor,1.76
1774795031.002862,-0.483,Moving on Conveyor,1.76
1774795031.007185,-0.468,Moving on Conveyor,1.77
1774795031.0115387,-0.453,Moving on Conveyor,1.77
1774795031.0159383,-0.438,Moving on Conveyor,1.78
1774795031.0202787,-0.423,Moving on Conveyor,1.78
1774795031.0246115,-0.408,Moving on Conveyor,1.78
1774795031.0289433,-0.393,Moving on Conveyor,1.79
1774795031.0332844,-0.378,Moving on Conveyor,1.79
1774795031.0376577,-0.363,Moving on Conveyor,1.8
1774795031.041955,-0.348,Moving on Conveyor,1.8
1774795031.0462902,-0.333,Moving on Conveyor,1.81
1774795031.0506098,-0.318,Moving on Conveyor,1.81
1774795031.0549572,-0.303,Moving on Conveyor,1.82
1774795031.0592775,-0.288,Painting,1.82
1774795031.0635717,-0.286,Painting,1.82
1774795031.067915,-0.284,Painting,1.83
1774795031.0722704,-0.282,Painting,1.83
1774795031.0765972,-0.28,Painting,1.84
1774795031.080904,-0.278,Painting,1.84
1774795031.0852244,-0.276,Painting,1.85
1774795031.0895696,-0.274,Painting,1.85
1774795031.093887,-0.272,Painting,1.85
1774795031.0982091,-0.27,Painting,1.86
1774795031.1025567,-0.268,Painting,1.86
1774795031.1068895,-0.266,Painting,1.87
1774795031.1112282,-0.264,Painting,1.87
1774795031.1155384,-0.262,Painting,1.88
1774795031.1198416,-0.26,Painting,1.88
1774795031.1242077,-0.258,Painting,1.88
1774795031.1284869,-0.256,Painting,1.89
1774795031.13287,-0.254,Painting,1.89
1774795031.1372256,-0.252,Painting,1.9
1774795031.1415734,-0.25,Painting,1.9
1774795031.1458735,-0.248,Painting,1.91
1774795031.1502006,-0.246,Painting,1.91
1774795031.1544855,-0.244,Painting,1.91
1774795031.1588109,-0.242,Painting,1.92
1774795031.1631312,-0.24,Painting,1.92
1774795031.1674445,-0.238,Painting,1.93
1774795031.1718414,-0.236,Painting,1.93
1774795031.1762123,-0.234,Painting,1.94
1774795031.1805732,-0.232,Painting,1.94
1774795031.1849163,-0.23,Painting,1.95
1774795031.189235,-0.228,Painting,1.95
1774795031.193589,-0.226,Painting,1.95
1774795031.1979675,-0.224,Painting,1.96
1774795031.202283,-0.222,Painting,1.96
1774795031.2066112,-0.22,Painting,1.97
1774795031.2109728,-0.218,Painting,1.97
1774795031.2153118,-0.216,Painting,1.98
1774795031.2196567,-0.214,Painting,1.98
1774795031.2239828,-0.212,Painting,1.98
1774795031.2283218,-0.21,Painting,1.99
1774795031.2327287,-0.208,Painting,1.99
1774795031.2371192,-0.206,Painting,2.0
1774795031.2414854,-0.204,Painting,2.0
1774795031.2458692,-0.202,Painting,2.01
1774795031.2503138,-0.2,Painting,2.01
1774795031.2546482,-0.198,Painting,2.01
1774795031.2589889,-0.196,Painting,2.02
1774795031.263361,-0.194,Painting,2.02
1774795031.267724,-0.192,Painting,2.03
1774795031.2720525,-0.19,Painting,2.03
1774795031.2764456,-0.188,Painting,2.04
1774795031.280796,-0.186,Painting,2.04
1774795031.2851653,-0.184,Painting,2.05
1774795031.2895207,-0.182,Painting,2.05
1774795031.29384,-0.18,Painting,2.05
1774795031.2981777,-0.178,Painting,2.06
1774795031.3024976,-0.176,Painting,2.06
1774795031.306869,-0.174,Painting,2.07
1774795031.3112638,-0.172,Painting,2.07
1774795031.3155913,-0.17,Painting,2.08
1774795031.319946,-0.168,Painting,2.08
1774795031.3242855,-0.166,Painting,2.08
1774795031.3286233,-0.164,Painting,2.09
1774795031.3329813,-0.162,Painting,2.09
1774795031.3373,-0.16,Painting,2.1
1774795031.3416255,-0.158,Painting,2.1
1774795031.3459754,-0.156,Painting,2.11
1774795031.350352,-0.154,Painting,2.11
1774795031.3547244,-0.152,Painting,2.11
1774795031.3590705,-0.15,Painting,2.12
1774795031.363448,-0.148,Painting,2.12
1774795031.3678186,-0.146,Painting,2.13
1774795031.3721457,-0.144,Painting,2.13
1774795031.3764956,-0.142,Painting,2.14
1774795031.380861,-0.14,Painting,2.14
1774795031.385205,-0.138,Painting,2.15
1774795031.38956,-0.136,Painting,2.15
1774795031.393901,-0.134,Painting,2.15
1774795031.3982525,-0.132,Painting,2.16
1774795031.4025798,-0.13,Painting,2.16
1774795031.4069068,-0.128,Painting,2.17
1774795031.411236,-0.126,Painting,2.17
1774795031.4155838,-0.124,Painting,2.18
1774795031.4199297,-0.122,Painting,2.18
1774795031.4242651,-0.12,Painting,2.18
1774795031.428633,-0.118,Painting,2.19
1774795031.4377553,-0.116,Painting,2.2
1774795031.4421437,-0.114,Painting,2.2
1774795031.4465005,-0.112,Painting,2.21
1774795031.450867,-0.11,Painting,2.21
1774795031.4552,-0.108,Painting,2.22
1774795031.459549,-0.106,Painting,2.22
1774795031.4638813,-0.104,Painting,2.22
1774795031.4682624,-0.102,Painting,2.23
1774795031.4725811,-0.1,Painting,2.23
1774795031.4769254,-0.098,Painting,2.24
1774795031.4812698,-0.096,Painting,2.24
1774795031.4856298,-0.094,Painting,2.25
1774795031.4899738,-0.092,Painting,2.25
1774795031.4942997,-0.09,Painting,2.25
1774795031.4986668,-0.088,Painting,2.26
1774795031.503012,-0.086,Painting,2.26
1774795031.507334,-0.084,Painting,2.27
1774795031.5116394,-0.082,Painting,2.27
1774795031.5160024,-0.08,Painting,2.28
1774795031.520377,-0.078,Painting,2.28
1774795031.5247622,-0.076,Painting,2.28
1774795031.5290995,-0.074,Painting,2.29
1774795031.5334513,-0.072,Painting,2.29
1774795031.5377934,-0.07,Painting,2.3
1774795031.5421262,-0.068,Painting,2.3
1774795031.5464709,-0.066,Painting,2.31
1774795031.5507991,-0.064,Painting,2.31
1774795031.55513,-0.062,Painting,2.32
1774795031.559484,-0.06,Painting,2.32
1774795031.5638463,-0.058,Painting,2.32
1774795031.5682237,-0.056,Painting,2.33
1774795031.5726154,-0.054,Painting,2.33
1774795031.5769343,-0.052,Painting,2.34
1774795031.5813239,-0.05,Painting,2.34
1774795031.585647,-0.048,Painting,2.35
1774795031.5899863,-0.046,Painting,2.35
1774795031.5943148,-0.044,Painting,2.35
1774795031.5986366,-0.042,Painting,2.36
1774795031.602967,-0.04,Painting,2.36
1774795031.607319,-0.038,Painting,2.37
1774795031.6116436,-0.036,Painting,2.37
1774795031.615974,-0.034,Painting,2.38
1774795031.620319,-0.032,Painting,2.38
1774795031.6246502,-0.03,Painting,2.38
1774795031.628973,-0.028,Painting,2.39
1774795031.633292,-0.026,Painting,2.39
1774795031.6376884,-0.024,Painting,2.4
1774795031.6420617,-0.022,Painting,2.4
1774795031.6463778,-0.02,Painting,2.41
1774795031.6507142,-0.018,Painting,2.41
1774795031.655055,-0.016,Painting,2.42
1774795031.659394,-0.014,Painting,2.42
1774795031.6637325,-0.012,Painting,2.42
1774795031.6680734,-0.01,Painting,2.43
1774795031.672456,-0.008,Painting,2.43
1774795031.6767797,-0.006,Painting,2.44
1774795031.6811075,-0.004,Painting,2.44
1774795031.6854453,-0.002,Painting,2.45
1774795031.6897917,0.0,Painting,2.45
1774795031.6941352,0.002,Painting,2.45
1774795031.6984947,0.004,Painting,2.46
1774795031.7028117,0.006,Painting,2.46
1774795031.7071197,0.008,Painting,2.47
1774795031.7114642,0.01,Painting,2.47
1774795031.715827,0.012,Painting,2.48
1774795031.720169,0.014,Painting,2.48
1774795031.724507,0.016,Painting,2.48
1774795031.7288375,0.018,Painting,2.49
1774795031.7331963,0.02,Painting,2.49
1774795031.737623,0.022,Painting,2.5
1774795031.7420065,0.024,Painting,2.5
1774795031.7464478,0.026,Painting,2.51
1774795031.7509358,0.028,Painting,2.51
1774795031.7553108,0.03,Painting,2.52
1774795031.7597537,0.032,Painting,2.52
1774795031.7641604,0.034,Painting,2.52
1774795031.7685306,0.036,Painting,2.53
1774795031.7729065,0.038,Painting,2.53
1774795031.777308,0.04,Painting,2.54
1774795031.7816784,0.042,Painting,2.54
1774795031.786088,0.044,Painting,2.55
1774795031.7905016,0.046,Painting,2.55
1774795031.7948782,0.048,Painting,2.56
1774795031.799209,0.05,Painting,2.56
1774795031.8035557,0.052,Painting,2.56
1774795031.8078911,0.054,Painting,2.57
1774795031.8122485,0.056,Painting,2.57
1774795031.8165736,0.058,Painting,2.58
1774795031.820911,0.06,Painting,2.58
1774795031.825262,0.062,Painting,2.59
1774795031.829571,0.064,Painting,2.59
1774795031.8339097,0.066,Painting,2.59
1774795031.8382454,0.068,Painting,2.6
1774795031.842552,0.07,Painting,2.6
1774795031.846893,0.072,Painting,2.61
1774795031.8512142,0.074,Painting,2.61
1774795031.8554804,0.076,Painting,2.62
1774795031.8598952,0.078,Painting,2.62
1774795031.8642325,0.08,Painting,2.62
1774795031.8685575,0.082,Painting,2.63
1774795031.8778508,0.084,Painting,2.64
1774795031.8821883,0.086,Painting,2.64
1774795031.8864765,0.088,Painting,2.65
1774795031.8908665,0.09,Painting,2.65
1774795031.8952174,0.092,Painting,2.66
1774795031.8995454,0.094,Painting,2.66
1774795031.9038515,0.096,Painting,2.66
1774795031.9081998,0.098,Painting,2.67
1774795031.9125156,0.1,Painting,2.67
1774795031.9168463,0.102,Painting,2.68
1774795031.9211674,0.104,Painting,2.68
1774795031.9254925,0.106,Painting,2.69
1774795031.9298613,0.108,Painting,2.69
1774795031.9341958,0.11,Painting,2.69
1774795031.9384627,0.112,Painting,2.7
1774795031.9428213,0.114,Painting,2.7
1774795031.9471467,0.116,Painting,2.71
1774795031.9514642,0.118,Painting,2.71
1774795031.9557946,0.12,Painting,2.72
1774795031.9601202,0.122,Painting,2.72
1774795031.96443,0.124,Painting,2.72
1774795031.9687304,0.126,Painting,2.73
1774795031.973098,0.128,Painting,2.73
1774795031.977453,0.13,Painting,2.74
1774795031.9818099,0.132,Painting,2.74
1774795031.9861639,0.134,Painting,2.75
1774795031.990481,0.136,Painting,2.75
1774795031.9948392,0.138,Painting,2.76
1774795031.9991841,0.14,Painting,2.76
1774795032.003483,0.142,Painting,2.76
1774795032.007847,0.144,Painting,2.77
1774795032.0122223,0.146,Painting,2.77
1774795032.0165849,0.148,Painting,2.78
1774795032.0209286,0.15,Painting,2.78
1774795032.025256,0.152,Painting,2.79
1774795032.0296714,0.154,Painting,2.79
1774795032.0340421,0.156,Painting,2.79
1774795032.0384486,0.158,Painting,2.8
1774795032.042868,0.16,Painting,2.8
1774795032.0472724,0.162,Painting,2.81
1774795032.051685,0.164,Painting,2.81
1774795032.0560505,0.166,Painting,2.82
1774795032.060461,0.168,Painting,2.82
1774795032.0648808,0.17,Painting,2.83
1774795032.0692754,0.172,Painting,2.83
1774795032.0736668,0.174,Painting,2.83
1774795032.0780418,0.176,Painting,2.84
1774795032.0824983,0.178,Painting,2.84
1774795032.0869095,0.18,Painting,2.85
1774795032.0912783,0.182,Painting,2.85
1774795032.095635,0.184,Painting,2.86
1774795032.0999863,0.186,Painting,2.86
1774795032.1043153,0.188,Painting,2.86
1774795032.1086605,0.19,Painting,2.87
1774795032.1130044,0.192,Painting,2.87
1774795032.117352,0.194,Painting,2.88
1774795032.121702,0.196,Painting,2.88
1774795032.1260364,0.198,Painting,2.89
1774795032.1303773,0.2,Painting,2.89
1774795032.13472,0.202,Painting,2.89
1774795032.139068,0.204,Painting,2.9
1774795032.1433995,0.206,Painting,2.9
1774795032.1477306,0.208,Painting,2.91
1774795032.1520545,0.21,Painting,2.91
1774795032.1564112,0.212,Painting,2.92
1774795032.1607409,0.214,Painting,2.92
1774795032.1650798,0.216,Painting,2.93
1774795032.169434,0.218,Painting,2.93
1774795032.1737473,0.22,Painting,2.93
1774795032.1780808,0.222,Painting,2.94
1774795032.1824229,0.224,Painting,2.94
1774795032.1867402,0.226,Painting,2.95
1774795032.1910794,0.228,Painting,2.95
1774795032.195441,0.23,Painting,2.96
1774795032.1997974,0.232,Painting,2.96
1774795032.2041125,0.234,Painting,2.96
1774795032.208441,0.236,Painting,2.97
1774795032.21276,0.238,Painting,2.97
1774795032.2170806,0.24,Painting,2.98
1774795032.2214494,0.242,Painting,2.98
1774795032.2257981,0.244,Painting,2.99
1774795032.2301614,0.246,Painting,2.99
1774795032.2345407,0.248,Painting,2.99
1774795032.2388763,0.25,Painting,3.0
1774795032.2432318,0.252,Painting,3.0
1774795032.247559,0.254,Painting,3.01
1774795032.2518969,0.256,Painting,3.01
1774795032.2562494,0.258,Painting,3.02
1774795032.2605817,0.26,Painting,3.02
1774795032.2649097,0.262,Painting,3.03
1774795032.2692592,0.264,Painting,3.03
1774795032.2736104,0.266,Painting,3.03
1774795032.2779856,0.268,Painting,3.04
1774795032.28235,0.27,Painting,3.04
1774795032.2866788,0.272,Painting,3.05
1774795032.2910085,0.274,Painting,3.05
1774795032.2953324,0.276,Painting,3.06
1774795032.2996795,0.278,Painting,3.06
1774795032.3040068,0.28,Painting,3.06
1774795032.3083355,0.282,Painting,3.07
1774795032.318333,0.284,Painting,3.08
1774795032.3227158,0.286,Painting,3.08
1774795032.3270423,0.288,Painting,3.09
1774795032.331386,0.29,Painting,3.09
1774795032.3357277,0.292,Painting,3.1
1774795032.3400695,0.294,Painting,3.1
1774795032.3444293,0.296,Painting,3.1
1774795032.3487933,0.298,Painting,3.11
1774795032.3531368,0.3,Moving on Conveyor,3.11
1774795032.3574698,0.315,Moving on Conveyor,3.12
1774795032.3618302,0.33,Moving on Conveyor,3.12
1774795032.3661995,0.345,Moving on Conveyor,3.13
1774795032.3705182,0.36,Moving on Conveyor,3.13
1774795032.3748662,0.375,Moving on Conveyor,3.14
1774795032.3791957,0.39,Moving on Conveyor,3.14
1774795032.383529,0.405,Moving on Conveyor,3.14
1774795032.3878477,0.42,Moving on Conveyor,3.15
1774795032.3922033,0.435,Moving on Conveyor,3.15
1774795032.3965573,0.45,Moving on Conveyor,3.16
1774795032.400885,0.465,Moving on Conveyor,3.16
1774795032.4051988,0.48,Moving on Conveyor,3.17
1774795032.4095545,0.495,Moving on Conveyor,3.17
1774795032.4138916,0.51,Moving on Conveyor,3.17
1774795032.4182181,0.525,Moving on Conveyor,3.18
1774795032.4225748,0.54,Moving on Conveyor,3.18
1774795032.4269187,0.555,Moving on Conveyor,3.19
1774795032.4312382,0.57,Moving on Conveyor,3.19
1774795032.435548,0.585,Moving on Conveyor,3.2
1774795032.43989,0.6,Moving on Conveyor,3.2
1774795032.4442134,0.615,Moving on Conveyor,3.2
1774795032.448542,0.63,Moving on Conveyor,3.21
1774795032.4528615,0.645,Moving on Conveyor,3.21
1774795032.4571776,0.66,Moving on Conveyor,3.22
1774795032.4615653,0.675,Moving on Conveyor,3.22
1774795032.4659057,0.69,Moving on Conveyor,3.23
1774795032.4702516,0.705,Moving on Conveyor,3.23
1774795032.4745755,0.72,Moving on Conveyor,3.23
1774795032.4789062,0.735,Moving on Conveyor,3.24
1774795032.4832234,0.75,Moving on Conveyor,3.24
1774795032.487541,0.765,Moving on Conveyor,3.25
1774795032.4918966,0.78,Moving on Conveyor,3.25
1774795032.4962206,0.795,Moving on Conveyor,3.26
1774795032.5005393,0.81,Moving on Conveyor,3.26
1774795032.5048642,0.825,Moving on Conveyor,3.27
1774795032.5092316,0.84,Moving on Conveyor,3.27
1774795032.513564,0.855,Moving on Conveyor,3.27
1774795032.517909,0.87,Moving on Conveyor,3.28
1774795032.522247,0.885,Moving on Conveyor,3.28
1774795032.5266318,0.9,Moving on Conveyor,3.29
1774795032.5309858,0.915,Moving on Conveyor,3.29
1774795032.5353365,0.93,Moving on Conveyor,3.3
1774795032.5396743,0.945,Moving on Conveyor,3.3
1774795032.544024,0.96,Moving on Conveyor,3.3
1774795032.5484264,0.975,Moving on Conveyor,3.31
1774795032.5527663,0.99,Moving on Conveyor,3.31
1774795032.5571086,1.005,Moving on Conveyor,3.32
1774795032.5614784,1.02,Moving on Conveyor,3.32
1774795032.5658388,1.035,Moving on Conveyor,3.33
1774795032.5701568,1.05,Moving on Conveyor,3.33
1774795032.5744781,1.065,Moving on Conveyor,3.33
1774795032.578829,1.08,Moving on Conveyor,3.34
1774795032.5831535,1.095,Moving on Conveyor,3.34
1774795032.5874941,1.11,Moving on Conveyor,3.35
1774795032.5918257,1.125,Moving on Conveyor,3.35
1774795032.596173,1.14,Moving on Conveyor,3.36
1774795032.6005144,1.155,Moving on Conveyor,3.36
1774795032.604869,1.17,Moving on Conveyor,3.37
1774795032.6091802,1.185,Moving on Conveyor,3.37
1774795032.6135566,1.2,Moving on Conveyor,3.37
1774795032.6178977,1.215,Moving on Conveyor,3.38
1774795032.6222272,1.23,Moving on Conveyor,3.38
1774795032.6265612,1.245,Moving on Conveyor,3.39
1774795032.6308813,1.26,Moving on Conveyor,3.39
1774795032.63522,1.275,Moving on Conveyor,3.4
1774795032.6395626,1.29,Moving on Conveyor,3.4
1774795032.643897,1.305,Moving on Conveyor,3.4
1774795032.648223,1.32,Moving on Conveyor,3.41
1774795032.652534,1.335,Moving on Conveyor,3.41
1774795032.6568587,1.35,Moving on Conveyor,3.42
1774795032.6612084,1.365,Moving on Conveyor,3.42
1774795032.6655831,1.38,Moving on Conveyor,3.43
1774795032.6699255,1.395,Moving on Conveyor,3.43
1774795032.6742558,1.41,Moving on Conveyor,3.43
1774795032.6785965,1.425,Moving on Conveyor,3.44
1774795032.6829555,1.44,Moving on Conveyor,3.44
1774795032.6873097,1.455,Moving on Conveyor,3.45
1774795032.6916478,1.47,Moving on Conveyor,3.45
1774795032.6959848,1.485,Moving on Conveyor,3.46
1774795032.7003345,1.5,Moving on Conveyor,3.46
1774795032.7046826,1.515,Moving on Conveyor,3.46
1774795032.70902,1.53,Moving on Conveyor,3.47
1774795032.7133386,1.545,Moving on Conveyor,3.47
1774795032.7176454,1.56,Moving on Conveyor,3.48
1774795032.7220037,1.575,Moving on Conveyor,3.48
1774795032.7263446,1.59,Moving on Conveyor,3.49
1774795032.7306967,1.605,Moving on Conveyor,3.49
1774795032.7350523,1.62,Moving on Conveyor,3.5
1774795032.7394066,1.635,Moving on Conveyor,3.5
1774795032.7437956,1.65,Moving on Conveyor,3.5
1774795032.748266,1.665,Moving on Conveyor,3.51
1774795032.7584832,1.68,Moving on Conveyor,3.52
1774795032.76298,1.695,Moving on Conveyor,3.52
1774795032.7674565,1.71,Inspection,3.53
1774795032.7718983,1.712,Inspection,3.53
1774795032.7762825,1.714,Inspection,3.54
1774795032.7806494,1.716,Inspection,3.54
1774795032.7850363,1.718,Inspection,3.55
1774795032.7893784,1.72,Inspection,3.55
1774795032.7937284,1.722,Inspection,3.55
1774795032.7980714,1.724,Inspection,3.56
1774795032.8024292,1.726,Inspection,3.56
1774795032.8068333,1.728,Inspection,3.57
1774795032.8112082,1.73,Inspection,3.57
1774795032.8156004,1.732,Inspection,3.58
1774795032.8199146,1.734,Inspection,3.58
1774795032.8242173,1.736,Inspection,3.58
1774795032.828554,1.738,Inspection,3.59
1774795032.8328931,1.74,Inspection,3.59
1774795032.8372319,1.742,Inspection,3.6
1774795032.841571,1.744,Inspection,3.6
1774795032.845927,1.746,Inspection,3.61
1774795032.8502526,1.748,Inspection,3.61
1774795032.8545828,1.75,Inspection,3.61
1774795032.8589292,1.752,Inspection,3.62
1774795032.8632624,1.754,Inspection,3.62
1774795032.867635,1.756,Inspection,3.63
1774795032.8719707,1.758,Inspection,3.63
1774795032.8763134,1.76,Inspection,3.64
1774795032.8806434,1.762,Inspection,3.64
1774795032.8850293,1.764,Inspection,3.65
1774795032.889379,1.766,Inspection,3.65
1774795032.8937185,1.768,Inspection,3.65
1774795032.8980353,1.77,Inspection,3.66
1774795032.9023695,1.772,Inspection,3.66
1774795032.9067178,1.774,Inspection,3.67
1774795032.9110546,1.776,Inspection,3.67
1774795032.915368,1.778,Inspection,3.68
1774795032.9197154,1.78,Inspection,3.68
1774795032.924019,1.782,Inspection,3.68
1774795032.928344,1.784,Inspection,3.69
1774795032.932689,1.786,Inspection,3.69
1774795032.9370394,1.788,Inspection,3.7
1774795032.9413867,1.79,Inspection,3.7
1774795032.945695,1.792,Inspection,3.71
1774795032.950048,1.794,Inspection,3.71
1774795032.954376,1.796,Inspection,3.71
1774795032.958708,1.798,Inspection,3.72
1774795032.9630313,1.8,Inspection,3.72
1774795032.9673572,1.802,Inspection,3.73
1774795032.9717097,1.804,Inspection,3.73
1774795032.9760647,1.806,Inspection,3.74
1774795032.9803965,1.808,Inspection,3.74
1774795032.9847388,1.81,Inspection,3.74
1774795032.9890962,1.812,Inspection,3.75
1774795032.9934397,1.814,Inspection,3.75
1774795032.9977772,1.816,Inspection,3.76
1774795033.0021114,1.818,Inspection,3.76
1774795033.0064387,1.82,Inspection,3.77
1774795033.0107977,1.822,Inspection,3.77
1774795033.0151374,1.824,Inspection,3.78
1774795033.0194674,1.826,Inspection,3.78
1774795033.023819,1.828,Inspection,3.78
1774795033.0281205,1.83,Inspection,3.79
1774795033.0325549,1.832,Inspection,3.79
1774795033.0369055,1.834,Inspection,3.8
1774795033.0412223,1.836,Inspection,3.8
1774795033.0455554,1.838,Inspection,3.81
1774795033.0498815,1.84,Inspection,3.81
1774795033.0542052,1.842,Inspection,3.81
1774795033.058552,1.844,Inspection,3.82
1774795033.0628796,1.846,Inspection,3.82
1774795033.067268,1.848,Inspection,3.83
1774795033.0716624,1.85,Inspection,3.83
1774795033.0760486,1.852,Inspection,3.84
1774795033.08047,1.854,Inspection,3.84
1774795033.0848637,1.856,Inspection,3.85
1774795033.089275,1.858,Inspection,3.85
1774795033.0936494,1.86,Inspection,3.85
1774795033.098026,1.862,Inspection,3.86
1774795033.1024003,1.864,Inspection,3.86
1774795033.1067836,1.866,Inspection,3.87
1774795033.111159,1.868,Inspection,3.87
1774795033.1155362,1.87,Inspection,3.88
1774795033.1199274,1.872,Inspection,3.88
1774795033.1243157,1.874,Inspection,3.88
1774795033.128652,1.876,Inspection,3.89
1774795033.1330159,1.878,Inspection,3.89
1774795033.137345,1.88,Inspection,3.9
1774795033.1416752,1.882,Inspection,3.9
1774795033.1460197,1.884,Inspection,3.91
1774795033.1503596,1.886,Inspection,3.91
1774795033.1546957,1.888,Inspection,3.91
1774795033.159049,1.89,Inspection,3.92
1774795033.1633985,1.892,Inspection,3.92
1774795033.1677616,1.894,Inspection,3.93
1774795033.1721125,1.896,Inspection,3.93
1774795033.1764865,1.898,Inspection,3.94
1774795033.180826,1.9,Inspection,3.94
1774795033.1851573,1.902,Inspection,3.95
1774795033.1894794,1.904,Inspection,3.95
1774795033.2004685,1.906,Inspection,3.96
1774795033.2048533,1.908,Inspection,3.97
1774795033.2091959,1.91,Inspection,3.97
1774795033.2134795,1.912,Inspection,3.97
1774795033.2178411,1.914,Inspection,3.98
1774795033.2221975,1.916,Inspection,3.98
1774795033.2265522,1.918,Inspection,3.99
1774795033.230885,1.92,Inspection,3.99
1774795033.2352471,1.922,Inspection,4.0
1774795033.2395868,1.924,Inspection,4.0
1774795033.2439418,1.926,Inspection,4.0
1774795033.2482681,1.928,Inspection,4.01
1774795033.2526426,1.93,Inspection,4.01
1774795033.2569866,1.932,Inspection,4.02
1774795033.2613158,1.934,Inspection,4.02
1774795033.2656496,1.936,Inspection,4.03
1774795033.2699726,1.938,Inspection,4.03
1774795033.2743316,1.94,Inspection,4.03
1774795033.278701,1.942,Inspection,4.04
1774795033.2830236,1.944,Inspection,4.04
1774795033.2873664,1.946,Inspection,4.05
1774795033.2917519,1.948,Inspection,4.05
1774795033.2961013,1.95,Inspection,4.06
1774795033.3004642,1.952,Inspection,4.06
1774795033.3048239,1.954,Inspection,4.07
1774795033.3091607,1.956,Inspection,4.07
1774795033.3135087,1.958,Inspection,4.07
1774795033.3178444,1.96,Inspection,4.08
1774795033.3221745,1.962,Inspection,4.08
1774795033.3265226,1.964,Inspection,4.09
1774795033.3308902,1.966,Inspection,4.09
1774795033.3352382,1.968,Inspection,4.1
1774795033.3395836,1.97,Inspection,4.1
1774795033.3439324,1.972,Inspection,4.1
1774795033.3482847,1.974,Inspection,4.11
1774795033.352615,1.976,Inspection,4.11
1774795033.3569493,1.978,Inspection,4.12
1774795033.3612835,1.98,Inspection,4.12
1774795033.3656118,1.982,Inspection,4.13
1774795033.3699632,1.984,Inspection,4.13
1774795033.3743525,1.986,Inspection,4.13
1774795033.3787239,1.988,Inspection,4.14
1774795033.3830774,1.99,Inspection,4.14
1774795033.3874052,1.992,Inspection,4.15
1774795033.3917773,1.994,Inspection,4.15
1774795033.3961,1.996,Inspection,4.16
1774795033.4004061,1.998,Inspection,4.16
1774795033.4047632,2.0,Inspection,4.16
1774795033.409083,2.002,Inspection,4.17
1774795033.4135077,2.004,Inspection,4.17
1774795033.4178474,2.006,Inspection,4.18
1774795033.4222016,2.008,Inspection,4.18
1774795033.4265532,2.01,Inspection,4.19
1774795033.4308813,2.012,Inspection,4.19
1774795033.4352162,2.014,Inspection,4.2
1774795033.4395585,2.016,Inspection,4.2
1774795033.443926,2.018,Inspection,4.2
1774795033.4482553,2.02,Inspection,4.21
1774795033.4525976,2.022,Inspection,4.21
1774795033.4569492,2.024,Inspection,4.22
1774795033.461284,2.026,Inspection,4.22
1774795033.4656045,2.028,Inspection,4.23
1774795033.469934,2.03,Inspection,4.23
1774795033.4742754,2.032,Inspection,4.23
1774795033.478588,2.034,Inspection,4.24
1774795033.4829466,2.036,Inspection,4.24
1774795033.4873066,2.038,Inspection,4.25
1774795033.491639,2.04,Inspection,4.25
1774795033.4960396,2.042,Inspection,4.26
1774795033.5003626,2.044,Inspection,4.26
1774795033.5047238,2.046,Inspection,4.26
1774795033.5091157,2.048,Inspection,4.27
1774795033.5134735,2.05,Inspection,4.27
1774795033.5178263,2.052,Inspection,4.28
1774795033.5221581,2.054,Inspection,4.28
1774795033.5264745,2.056,Inspection,4.29
1774795033.5308356,2.058,Inspection,4.29
1774795033.5351949,2.06,Inspection,4.3
1774795033.5394824,2.062,Inspection,4.3
1774795033.5438192,2.064,Inspection,4.3
1774795033.5481398,2.066,Inspection,4.31
1774795033.5524635,2.068,Inspection,4.31
1774795033.5568008,2.07,Inspection,4.32
1774795033.5611312,2.072,Inspection,4.32
1774795033.5655513,2.074,Inspection,4.33
1774795033.5698955,2.076,Inspection,4.33
1774795033.5742295,2.078,Inspection,4.33
1774795033.578567,2.08,Inspection,4.34
1774795033.5828896,2.082,Inspection,4.34
1774795033.587254,2.084,Inspection,4.35
1774795033.5916233,2.086,Inspection,4.35
1774795033.5959854,2.088,Inspection,4.36
1774795033.6003606,2.09,Inspection,4.36
1774795033.6047282,2.092,Inspection,4.36
1774795033.609113,2.094,Inspection,4.37
1774795033.6134405,2.096,Inspection,4.37
1774795033.6177628,2.098,Inspection,4.38
1774795033.6221159,2.1,Inspection,4.38
1774795033.6264422,2.102,Inspection,4.39
1774795033.6307929,2.104,Inspection,4.39
1774795033.6424491,2.106,Inspection,4.4
1774795033.6468105,2.108,Inspection,4.41
1774795033.6512036,2.11,Inspection,4.41
1774795033.6555715,2.112,Inspection,4.42
1774795033.6599257,2.114,Inspection,4.42
1774795033.664294,2.116,Inspection,4.42
1774795033.6686442,2.118,Inspection,4.43
1774795033.6730278,2.12,Inspection,4.43
1774795033.6773894,2.122,Inspection,4.44
1774795033.6817338,2.124,Inspection,4.44
1774795033.6861377,2.126,Inspection,4.45
1774795033.6905262,2.128,Inspection,4.45
1774795033.6948597,2.13,Inspection,4.46
1774795033.6992137,2.132,Inspection,4.46
1774795033.7035472,2.134,Inspection,4.46
1774795033.7078736,2.136,Inspection,4.47
1774795033.7122908,2.138,Inspection,4.47
1774795033.7166426,2.14,Inspection,4.48
1774795033.7210543,2.142,Inspection,4.48
1774795033.7254608,2.144,Inspection,4.49
1774795033.729936,2.146,Inspection,4.49
1774795033.734353,2.148,Inspection,4.49
1774795033.7387788,2.15,Inspection,4.5
1774795033.7431781,2.152,Inspection,4.5
1774795033.7475626,2.154,Inspection,4.51
1774795033.7519293,2.156,Inspection,4.51
1774795033.756343,2.158,Inspection,4.52
1774795033.7607226,2.16,Inspection,4.52
1774795033.7650833,2.162,Inspection,4.53
1774795033.7694776,2.164,Inspection,4.53
1774795033.7738743,2.166,Inspection,4.53
1774795033.7782452,2.168,Inspection,4.54
1774795033.7826533,2.17,Inspection,4.54
1774795033.787024,2.172,Inspection,4.55
1774795033.791429,2.174,Inspection,4.55
1774795033.7958937,2.176,Inspection,4.56
1774795033.8002732,2.178,Inspection,4.56
1774795033.8046403,2.18,Inspection,4.56
1774795033.809031,2.182,Inspection,4.57
1774795033.8133657,2.184,Inspection,4.57
1774795033.8177469,2.186,Inspection,4.58
1774795033.8221934,2.188,Inspection,4.58
1774795033.826543,2.19,Inspection,4.59
1774795033.8309102,2.192,Inspection,4.59
1774795033.83528,2.194,Inspection,4.6
1774795033.8396354,2.196,Inspection,4.6
1774795033.8439949,2.198,Inspection,4.6
1774795033.8483517,2.2,Inspection,4.61
1774795033.8527112,2.202,Inspection,4.61
1774795033.8571303,2.204,Inspection,4.62
1774795033.8615036,2.206,Inspection,4.62
1774795033.8658595,2.208,Inspection,4.63
1774795033.870245,2.21,Inspection,4.63
1774795033.8745973,2.212,Inspection,4.63
1774795033.8789537,2.214,Inspection,4.64
1774795033.8833578,2.216,Inspection,4.64
1774795033.887748,2.218,Inspection,4.65
1774795033.8921027,2.22,Inspection,4.65
1774795033.8964818,2.222,Inspection,4.66
1774795033.900867,2.224,Inspection,4.66
1774795033.9052157,2.226,Inspection,4.67
1774795033.9095788,2.228,Inspection,4.67
1774795033.9139385,2.23,Inspection,4.67
1774795033.9182656,2.232,Inspection,4.68
1774795033.9226348,2.234,Inspection,4.68
1774795033.9270089,2.236,Inspection,4.69
1774795033.9313366,2.238,Inspection,4.69
1774795033.9356682,2.24,Inspection,4.7
1774795033.9400759,2.242,Inspection,4.7
1774795033.94444,2.244,Inspection,4.7
1774795033.9487925,2.246,Inspection,4.71
1774795033.9531562,2.248,Inspection,4.71
1774795033.957595,2.25,Inspection,4.72
1774795033.9619572,2.252,Inspection,4.72
1774795033.9663494,2.254,Inspection,4.73
1774795033.9707432,2.256,Inspection,4.73
1774795033.9751387,2.258,Inspection,4.74
1774795033.9795043,2.26,Inspection,4.74
1774795033.9838414,2.262,Inspection,4.74
1774795033.9881804,2.264,Inspection,4.75
1774795033.9924707,2.266,Inspection,4.75
1774795033.996813,2.268,Inspection,4.76
1774795034.0011501,2.27,Inspection,4.76
1774795034.0054543,2.272,Inspection,4.77
1774795034.009764,2.274,Inspection,4.77
1774795034.0141165,2.276,Inspection,4.77
1774795034.0188363,2.278,Inspection,4.78
1774795034.023218,2.28,Inspection,4.78
1774795034.0275393,2.282,Inspection,4.79
1774795034.0318615,2.284,Inspection,4.79
1774795034.036178,2.286,Inspection,4.8
1774795034.0404515,2.288,Inspection,4.8
1774795034.0447967,2.29,Inspection,4.81
1774795034.049123,2.292,Inspection,4.81
1774795034.053453,2.294,Inspection,4.81
1774795034.057823,2.296,Inspection,4.82
1774795034.062179,2.298,Inspection,4.82
1774795034.0665395,2.3,Moving on Conveyor,4.83
1774795034.0708866,2.315,Moving on Conveyor,4.83
1774795034.0752451,2.33,Moving on Conveyor,4.84
