timestamp,cycle_time,throughput,robot_distance,idle_time,reward,status
1776107539.48875,0.0,0,0.0,0.0,N/A,Moving on Conveyor
1776107539.4943357,0.01,0,0.0,0.0,N/A,Moving on Conveyor
1776107539.4994018,0.01,0,0.0,0.0,N/A,Moving on Conveyor
1776107539.5050282,0.02,0,0.0,0.0,N/A,Moving on Conveyor
1776107539.5096467,0.02,0,0.0,0.0,N/A,Moving on Conveyor
1776107539.514668,0.03,0,0.0,0.0,N/A,Moving on Conveyor
1776107539.5196934,0.03,0,0.0,0.0,N/A,Moving on Conveyor
1776107539.5252619,0.04,0,0.0,0.0,N/A,Moving on Conveyor
1776107539.5302706,0.04,0,0.0,0.0,N/A,Moving on Conveyor
1776107539.535299,0.05,0,0.0,0.0,N/A,Moving on Conveyor
1776107539.5403426,0.05,0,0.0,0.0,N/A,Moving on Conveyor
1776107539.5451725,0.06,0,0.0,0.0,N/A,Moving on Conveyor
1776107539.550207,0.06,0,0.0,0.0,N/A,Moving on Conveyor
1776107539.5553381,0.07,0,0.0,0.0,N/A,Moving on Conveyor
1776107539.5603635,0.07,0,0.0,0.0,N/A,Moving on Conveyor
1776107539.565526,0.08,0,0.0,0.0,N/A,Moving on Conveyor
1776107539.570534,0.08,0,0.0,0.0,N/A,Moving on Conveyor
1776107539.5755665,0.09,0,0.0,0.0,N/A,Moving on Conveyor
1776107539.5805843,0.09,0,0.0,0.0,N/A,Moving on Conveyor
1776107539.5857,0.1,0,0.0,0.0,N/A,Moving on Conveyor
1776107539.5907276,0.1,0,0.0,0.0,N/A,Moving on Conveyor
1776107539.5956175,0.11,0,0.0,0.0,N/A,Moving on Conveyor
1776107539.6006489,0.11,0,0.0,0.0,N/A,Moving on Conveyor
1776107539.6057537,0.12,0,0.156,0.0,N/A,Moving on Conveyor
1776107539.6107914,0.12,0,0.298,0.0,N/A,Moving on Conveyor
1776107539.6158497,0.13,0,0.428,0.0,N/A,Moving on Conveyor
1776107539.6211681,0.13,0,0.548,0.0,N/A,Moving on Conveyor
1776107539.6261346,0.14,0,0.659,0.0,N/A,Moving on Conveyor
1776107539.6314316,0.14,0,0.761,0.0,N/A,Moving on Conveyor
1776107539.6364958,0.15,0,0.855,0.0,N/A,Moving on Conveyor
1776107539.6416483,0.15,0,0.941,0.0,N/A,Moving on Conveyor
1776107539.6466694,0.16,0,1.02,0.0,N/A,Moving on Conveyor
1776107539.6517544,0.16,0,1.092,0.0,N/A,Moving on Conveyor
1776107539.6573002,0.17,0,1.157,0.0,N/A,Moving on Conveyor
1776107539.6623945,0.17,0,1.217,0.0,N/A,Moving on Conveyor
1776107539.667532,0.18,0,1.271,0.0,N/A,Moving on Conveyor
1776107539.672559,0.18,0,1.32,0.0,N/A,Moving on Conveyor
1776107539.6776235,0.19,0,1.365,0.0,N/A,Moving on Conveyor
1776107539.6823473,0.19,0,1.405,0.0,N/A,Moving on Conveyor
1776107539.6872013,0.2,0,1.442,0.0,N/A,Moving on Conveyor
1776107539.692317,0.2,0,1.475,0.0,N/A,Moving on Conveyor
1776107539.6973717,0.21,0,1.506,0.0,N/A,Moving on Conveyor
1776107539.7024407,0.21,0,1.533,0.0,N/A,Moving on Conveyor
1776107539.7074866,0.22,0,1.558,0.0,N/A,Moving on Conveyor
1776107539.7131975,0.22,0,1.581,0.0,N/A,Moving on Conveyor
1776107539.717726,0.23,0,1.602,0.0,N/A,Moving on Conveyor
1776107539.7226307,0.23,0,1.621,0.0,N/A,Moving on Conveyor
1776107539.727766,0.24,0,1.638,0.0,N/A,Moving on Conveyor
1776107539.73287,0.24,0,1.654,0.0,N/A,Moving on Conveyor
1776107539.7379048,0.25,0,1.668,0.0,N/A,Moving on Conveyor
1776107539.7430236,0.25,0,1.682,0.0,N/A,Moving on Conveyor
1776107539.7480574,0.26,0,1.694,0.0,N/A,Moving on Conveyor
1776107539.753271,0.26,0,1.705,0.0,N/A,Moving on Conveyor
1776107539.75833,0.27,0,1.715,0.0,N/A,Moving on Conveyor
1776107539.7633617,0.27,0,1.725,0.0,N/A,Moving on Conveyor
1776107539.7684007,0.28,0,1.734,0.0,N/A,Moving on Conveyor
1776107539.773155,0.28,0,1.742,0.0,N/A,Moving on Conveyor
1776107539.7782078,0.29,0,1.75,0.0,N/A,Moving on Conveyor
1776107539.7833078,0.29,0,1.758,0.0,N/A,Moving on Conveyor
1776107539.7887208,0.3,0,1.765,0.0,N/A,Moving on Conveyor
1776107539.7934926,0.3,0,1.771,0.0,N/A,Moving on Conveyor
1776107539.7985473,0.31,0,1.777,0.0,N/A,Assembly
1776107539.8036208,0.31,0,1.783,0.0,N/A,Assembly
1776107539.8087027,0.32,0,1.789,0.0,N/A,Assembly
1776107539.8137722,0.33,0,1.794,0.0,N/A,Assembly
1776107539.8188174,0.33,0,1.799,0.0,N/A,Assembly
1776107539.8238487,0.34,0,1.803,0.0,N/A,Assembly
1776107539.8288784,0.34,0,1.807,0.0,N/A,Assembly
1776107539.8339055,0.35,0,1.81,0.0,N/A,Assembly
1776107539.839048,0.35,0,1.814,0.0,N/A,Assembly
1776107539.8442307,0.36,0,1.817,0.0,N/A,Assembly
1776107539.8492346,0.36,0,1.82,0.0,N/A,Assembly
1776107539.8539488,0.37,0,1.822,0.0,N/A,Assembly
1776107539.8589914,0.37,0,1.825,0.0,N/A,Assembly
1776107539.8640907,0.38,0,1.827,0.0,N/A,Assembly
1776107539.8690946,0.38,0,1.829,0.0,N/A,Assembly
1776107539.8741174,0.39,0,1.831,0.0,N/A,Assembly
1776107539.8791482,0.39,0,1.833,0.0,N/A,Assembly
1776107539.8841755,0.4,0,1.834,0.0,N/A,Assembly
1776107539.88926,0.4,0,1.836,0.0,N/A,Assembly
1776107539.8945067,0.41,0,1.837,0.0,N/A,Assembly
1776107539.8995624,0.41,0,1.839,0.0,N/A,Assembly
1776107539.9042263,0.42,0,1.84,0.0,N/A,Assembly
1776107539.9093332,0.42,0,1.841,0.0,N/A,Assembly
1776107539.9144282,0.43,0,1.843,0.0,N/A,Assembly
1776107539.919499,0.43,0,1.844,0.0,N/A,Assembly
1776107539.9246435,0.44,0,1.845,0.0,N/A,Assembly
1776107539.9299808,0.44,0,1.846,0.0,N/A,Assembly
1776107539.9356887,0.45,0,1.847,0.0,N/A,Assembly
1776107539.9402575,0.45,0,1.848,0.0,N/A,Assembly
1776107539.9453213,0.46,0,1.849,0.0,N/A,Assembly
1776107539.9503725,0.46,0,1.85,0.0,N/A,Assembly
1776107539.9554036,0.47,0,1.851,0.0,N/A,Assembly
1776107539.9604475,0.47,0,1.852,0.0,N/A,Assembly
1776107539.9654825,0.48,0,1.853,0.0,N/A,Assembly
1776107539.970505,0.48,0,1.854,0.0,N/A,Assembly
1776107539.9756231,0.49,0,1.855,0.0,N/A,Assembly
1776107539.981192,0.49,0,1.855,0.0,N/A,Assembly
1776107539.9862528,0.5,0,1.856,0.0,N/A,Assembly
1776107539.9912837,0.5,0,1.857,0.0,N/A,Assembly
1776107539.996094,0.51,0,1.858,0.0,N/A,Assembly
1776107540.001133,0.51,0,1.859,0.0,N/A,Assembly
1776107540.006113,0.52,0,1.86,0.0,N/A,Assembly
1776107540.01083,0.52,0,1.86,0.0,N/A,Assembly
1776107540.0158854,0.53,0,1.861,0.0,N/A,Assembly
1776107540.020896,0.53,0,1.862,0.0,N/A,Assembly
1776107540.0259728,0.54,0,1.863,0.0,N/A,Assembly
1776107540.0315018,0.54,0,1.863,0.0,N/A,Assembly
1776107540.036601,0.55,0,1.864,0.0,N/A,Assembly
1776107540.0416386,0.55,0,1.865,0.0,N/A,Assembly
1776107540.0464334,0.56,0,1.866,0.0,N/A,Assembly
1776107540.0514903,0.56,0,1.866,0.0,N/A,Assembly
1776107540.056544,0.57,0,1.867,0.0,N/A,Assembly
1776107540.0617619,0.57,0,1.868,0.0,N/A,Assembly
1776107540.0668042,0.58,0,1.869,0.0,N/A,Assembly
1776107540.0718527,0.58,0,1.869,0.0,N/A,Assembly
1776107540.0769477,0.59,0,1.87,0.0,N/A,Assembly
1776107540.0819821,0.59,0,1.871,0.0,N/A,Assembly
1776107540.0870066,0.6,0,1.872,0.0,N/A,Assembly
1776107540.0915394,0.6,0,1.872,0.0,N/A,Assembly
1776107540.0962572,0.61,0,1.873,0.0,N/A,Assembly
1776107540.1012912,0.61,0,1.874,0.0,N/A,Assembly
1776107540.106331,0.62,0,1.875,0.0,N/A,Assembly
1776107540.111472,0.62,0,1.875,0.0,N/A,Assembly
1776107540.116534,0.63,0,1.876,0.0,N/A,Assembly
1776107540.1216125,0.63,0,1.877,0.0,N/A,Assembly
1776107540.1266406,0.64,0,1.878,0.0,N/A,Assembly
1776107540.131673,0.64,0,1.878,0.0,N/A,Assembly
1776107540.1367283,0.65,0,1.879,0.0,N/A,Assembly
1776107540.1418946,0.65,0,1.88,0.0,N/A,Assembly
1776107540.1469674,0.66,0,1.881,0.0,N/A,Assembly
1776107540.1519966,0.66,0,1.881,0.0,N/A,Assembly
1776107540.1570902,0.67,0,1.882,0.0,N/A,Assembly
1776107540.1622782,0.67,0,1.883,0.0,N/A,Assembly
1776107540.1673884,0.68,0,1.884,0.0,N/A,Assembly
1776107540.1725838,0.68,0,1.884,0.0,N/A,Assembly
1776107540.177611,0.69,0,1.885,0.0,N/A,Assembly
1776107540.182809,0.69,0,1.886,0.0,N/A,Assembly
1776107540.1878593,0.7,0,1.886,0.0,N/A,Assembly
1776107540.192982,0.7,0,1.887,0.0,N/A,Assembly
1776107540.198111,0.71,0,1.888,0.0,N/A,Assembly
1776107540.203135,0.71,0,1.889,0.0,N/A,Assembly
1776107540.2083216,0.72,0,1.889,0.0,N/A,Assembly
1776107540.21337,0.72,0,1.89,0.0,N/A,Assembly
1776107540.2183776,0.73,0,1.891,0.0,N/A,Assembly
1776107540.2232969,0.73,0,1.892,0.0,N/A,Assembly
1776107540.2283251,0.74,0,1.892,0.0,N/A,Assembly
1776107540.2330127,0.74,0,1.893,0.0,N/A,Assembly
1776107540.2380416,0.75,0,1.894,0.0,N/A,Assembly
1776107540.2433393,0.75,0,1.895,0.0,N/A,Assembly
1776107540.2483385,0.76,0,1.895,0.0,N/A,Assembly
1776107540.2532723,0.76,0,1.896,0.0,N/A,Assembly
1776107540.2583437,0.77,0,1.897,0.0,N/A,Assembly
1776107540.2634363,0.77,0,1.898,0.0,N/A,Assembly
1776107540.2684486,0.78,0,1.898,0.0,N/A,Assembly
1776107540.2734668,0.78,0,1.899,0.0,N/A,Assembly
1776107540.2785158,0.79,0,1.9,0.0,N/A,Assembly
1776107540.2831993,0.79,0,1.9,0.0,N/A,Assembly
1776107540.2882795,0.8,0,1.901,0.0,N/A,Assembly
1776107540.293322,0.8,0,1.902,0.0,N/A,Assembly
1776107540.2983696,0.81,0,1.903,0.0,N/A,Assembly
1776107540.303151,0.81,0,1.903,0.0,N/A,Assembly
1776107540.3081884,0.82,0,1.904,0.0,N/A,Assembly
1776107540.3134258,0.82,0,1.905,0.0,N/A,Assembly
1776107540.3184643,0.83,0,1.906,0.0,N/A,Assembly
1776107540.3235862,0.83,0,1.906,0.0,N/A,Assembly
1776107540.328543,0.84,0,1.907,0.0,N/A,Assembly
1776107540.3337088,0.84,0,1.908,0.0,N/A,Assembly
1776107540.3387425,0.85,0,1.909,0.0,N/A,Assembly
1776107540.3439605,0.86,0,1.909,0.0,N/A,Assembly
1776107540.349088,0.86,0,1.91,0.0,N/A,Assembly
1776107540.3538828,0.87,0,1.911,0.0,N/A,Assembly
1776107540.3589153,0.87,0,1.912,0.0,N/A,Assembly
1776107540.364316,0.88,0,1.912,0.0,N/A,Assembly
1776107540.3693004,0.88,0,1.913,0.0,N/A,Assembly
1776107540.3743348,0.89,0,1.914,0.0,N/A,Assembly
1776107540.3794496,0.89,0,1.915,0.0,N/A,Assembly
1776107540.3844368,0.9,0,1.915,0.0,N/A,Assembly
1776107540.389588,0.9,0,1.916,0.0,N/A,Assembly
1776107540.3946888,0.91,0,1.917,0.0,N/A,Assembly
1776107540.399723,0.91,0,1.918,0.0,N/A,Assembly
1776107540.4047992,0.92,0,1.918,0.0,N/A,Assembly
1776107540.4098547,0.92,0,1.919,0.0,N/A,Assembly
1776107540.414876,0.93,0,1.92,0.0,N/A,Assembly
1776107540.4198961,0.93,0,1.92,0.0,N/A,Assembly
1776107540.4250076,0.94,0,1.921,0.0,N/A,Assembly
1776107540.4300215,0.94,0,1.922,0.0,N/A,Assembly
1776107540.4350812,0.95,0,1.923,0.0,N/A,Assembly
1776107540.4407914,0.95,0,1.923,0.0,N/A,Assembly
1776107540.4457748,0.96,0,1.924,0.0,N/A,Assembly
1776107540.4508672,0.96,0,1.925,0.0,N/A,Assembly
1776107540.4559584,0.97,0,1.926,0.0,N/A,Assembly
1776107540.461067,0.97,0,1.926,0.0,N/A,Assembly
1776107540.4662058,0.98,0,1.927,0.0,N/A,Assembly
1776107540.471525,0.98,0,1.928,0.0,N/A,Assembly
1776107540.4765458,0.99,0,1.929,0.0,N/A,Assembly
1776107540.481596,0.99,0,1.929,0.0,N/A,Assembly
1776107540.4868279,1.0,0,1.93,0.0,N/A,Assembly
1776107540.4918702,1.0,0,1.931,0.0,N/A,Assembly
1776107540.4969995,1.01,0,1.932,0.0,N/A,Assembly
1776107540.5025387,1.01,0,1.932,0.0,N/A,Assembly
1776107540.5076494,1.02,0,1.933,0.0,N/A,Assembly
1776107540.513199,1.02,0,1.934,0.0,N/A,Assembly
1776107540.5177193,1.03,0,1.935,0.0,N/A,Assembly
1776107540.5232747,1.03,0,1.935,0.0,N/A,Assembly
1776107540.5279193,1.04,0,1.936,0.0,N/A,Assembly
1776107540.5329566,1.04,0,1.937,0.0,N/A,Assembly
1776107540.5380042,1.05,0,1.938,0.0,N/A,Assembly
1776107540.5431685,1.05,0,1.938,0.0,N/A,Assembly
1776107540.5482197,1.06,0,1.939,0.0,N/A,Assembly
1776107540.5528364,1.06,0,1.94,0.0,N/A,Assembly
1776107540.557873,1.07,0,1.941,0.0,N/A,Assembly
1776107540.5629086,1.07,0,1.941,0.0,N/A,Assembly
1776107540.56794,1.08,0,1.942,0.0,N/A,Assembly
1776107540.5729902,1.08,0,1.943,0.0,N/A,Assembly
1776107540.5780237,1.09,0,1.944,0.0,N/A,Assembly
1776107540.583107,1.09,0,1.944,0.0,N/A,Assembly
1776107540.588662,1.1,0,1.945,0.0,N/A,Assembly
1776107540.5936117,1.1,0,1.946,0.0,N/A,Assembly
1776107540.598889,1.11,0,1.947,0.0,N/A,Assembly
1776107540.6035502,1.11,0,1.947,0.0,N/A,Assembly
1776107540.6086452,1.12,0,1.948,0.0,N/A,Assembly
1776107540.6138227,1.13,0,1.949,0.0,N/A,Assembly
1776107540.6188688,1.13,0,1.95,0.0,N/A,Assembly
1776107540.6239278,1.14,0,1.95,0.0,N/A,Assembly
1776107540.62897,1.14,0,1.951,0.0,N/A,Assembly
1776107540.6340678,1.15,0,1.952,0.0,N/A,Assembly
1776107540.6391127,1.15,0,1.953,0.0,N/A,Assembly
1776107540.6439667,1.16,0,1.953,0.0,N/A,Assembly
1776107540.6489923,1.16,0,1.954,0.0,N/A,Assembly
1776107540.6536138,1.16,0,1.955,0.0,N/A,Assembly
1776107540.6587086,1.17,0,1.956,0.0,N/A,Assembly
1776107540.663824,1.18,0,1.956,0.0,N/A,Assembly
1776107540.6688344,1.18,0,1.957,0.0,N/A,Assembly
1776107540.6738763,1.19,0,1.958,0.0,N/A,Assembly
1776107540.678901,1.19,0,1.959,0.0,N/A,Assembly
1776107540.6839333,1.2,0,1.959,0.0,N/A,Assembly
1776107540.689022,1.2,0,1.96,0.0,N/A,Assembly
1776107540.6941712,1.21,0,1.961,0.0,N/A,Assembly
1776107540.6992176,1.21,0,1.962,0.0,N/A,Assembly
1776107540.704251,1.22,0,1.962,0.0,N/A,Assembly
1776107540.7092266,1.22,0,1.963,0.0,N/A,Assembly
1776107540.7142675,1.23,0,1.964,0.0,N/A,Assembly
1776107540.7192838,1.23,0,1.965,0.0,N/A,Assembly
1776107540.7243073,1.24,0,1.965,0.0,N/A,Assembly
1776107540.7293265,1.24,0,1.966,0.0,N/A,Assembly
1776107540.7344396,1.25,0,1.967,0.0,N/A,Assembly
1776107540.739611,1.25,0,1.968,0.0,N/A,Assembly
1776107540.7446744,1.26,0,1.968,0.0,N/A,Assembly
1776107540.7494957,1.26,0,1.969,0.0,N/A,Assembly
1776107540.7545483,1.27,0,1.97,0.0,N/A,Assembly
1776107540.7596836,1.27,0,1.971,0.0,N/A,Assembly
1776107540.764718,1.28,0,1.971,0.0,N/A,Assembly
1776107540.7702498,1.28,0,1.972,0.0,N/A,Assembly
1776107540.774781,1.29,0,1.973,0.0,N/A,Assembly
1776107540.7797976,1.29,0,1.974,0.0,N/A,Assembly
1776107540.7848334,1.3,0,1.974,0.0,N/A,Assembly
1776107540.7900708,1.3,0,1.975,0.0,N/A,Assembly
1776107540.7952528,1.31,0,1.976,0.0,N/A,Assembly
1776107540.8002634,1.31,0,1.977,0.0,N/A,Assembly
1776107540.8053362,1.32,0,1.977,0.0,N/A,Assembly
1776107540.810505,1.32,0,1.978,0.0,N/A,Assembly
1776107540.8157978,1.33,0,1.979,0.0,N/A,Assembly
1776107540.8208454,1.33,0,1.98,0.0,N/A,Assembly
1776107540.8261368,1.34,0,1.98,0.0,N/A,Assembly
1776107540.8312674,1.34,0,1.981,0.0,N/A,Assembly
1776107540.8363078,1.35,0,1.982,0.0,N/A,Assembly
1776107540.841333,1.35,0,1.983,0.0,N/A,Assembly
1776107540.846456,1.36,0,1.984,0.0,N/A,Assembly
1776107540.851493,1.36,0,1.984,0.0,N/A,Assembly
1776107540.8565736,1.37,0,1.985,0.0,N/A,Assembly
1776107540.8612201,1.37,0,1.986,0.0,N/A,Assembly
1776107540.8662717,1.38,0,1.987,0.0,N/A,Assembly
1776107540.8718092,1.38,0,1.987,0.0,N/A,Assembly
1776107540.8763297,1.39,0,1.988,0.0,N/A,Assembly
1776107540.881193,1.39,0,1.989,0.0,N/A,Assembly
1776107540.8860974,1.4,0,1.99,0.0,N/A,Assembly
1776107540.8912086,1.4,0,1.99,0.0,N/A,Assembly
1776107540.8962586,1.41,0,1.991,0.0,N/A,Assembly
1776107540.9013033,1.41,0,1.992,0.0,N/A,Assembly
1776107540.9063923,1.42,0,1.993,0.0,N/A,Assembly
1776107540.9114382,1.42,0,1.993,0.0,N/A,Assembly
1776107540.916474,1.43,0,1.994,0.0,N/A,Assembly
1776107540.9215167,1.43,0,1.995,0.0,N/A,Assembly
1776107540.9262385,1.44,0,1.996,0.0,N/A,Assembly
1776107540.9316163,1.44,0,1.996,0.0,N/A,Assembly
1776107540.9363477,1.45,0,1.997,0.0,N/A,Assembly
1776107540.941373,1.45,0,1.998,0.0,N/A,Assembly
1776107540.946656,1.46,0,1.999,0.0,N/A,Assembly
1776107540.9518225,1.46,0,1.999,0.0,N/A,Assembly
1776107540.9568717,1.47,0,2.0,0.0,N/A,Assembly
1776107540.961904,1.47,0,2.001,0.0,N/A,Assembly
1776107540.9668374,1.48,0,2.002,0.0,N/A,Assembly
1776107540.9719343,1.48,0,2.002,0.0,N/A,Assembly
1776107540.976973,1.49,0,2.003,0.0,N/A,Assembly
1776107540.9821627,1.49,0,2.004,0.0,N/A,Assembly
1776107540.9872093,1.5,0,2.005,0.0,N/A,Assembly
1776107540.992298,1.5,0,2.005,0.0,N/A,Assembly
1776107540.99738,1.51,0,2.006,0.0,N/A,Assembly
1776107541.0024192,1.51,0,2.007,0.0,N/A,Assembly
1776107541.0074663,1.52,0,2.008,0.0,N/A,Assembly
1776107541.012542,1.52,0,2.009,0.0,N/A,Assembly
1776107541.0176423,1.53,0,2.009,0.0,N/A,Assembly
1776107541.0226629,1.53,0,2.01,0.0,N/A,Assembly
1776107541.0277333,1.54,0,2.011,0.0,N/A,Assembly
1776107541.0327854,1.54,0,2.012,0.0,N/A,Assembly
1776107541.037836,1.55,0,2.012,0.0,N/A,Assembly
1776107541.042933,1.55,0,2.013,0.0,N/A,Assembly
1776107541.0479915,1.56,0,2.014,0.0,N/A,Assembly
1776107541.053028,1.56,0,2.015,0.0,N/A,Assembly
1776107541.0586536,1.57,0,2.015,0.0,N/A,Assembly
1776107541.0634966,1.57,0,2.016,0.0,N/A,Assembly
1776107541.0685105,1.58,0,2.017,0.0,N/A,Assembly
1776107541.0733275,1.58,0,2.018,0.0,N/A,Assembly
1776107541.0783956,1.59,0,2.018,0.0,N/A,Assembly
1776107541.0832539,1.59,0,2.019,0.0,N/A,Assembly
1776107541.088295,1.6,0,2.02,0.0,N/A,Assembly
1776107541.093451,1.6,0,2.021,0.0,N/A,Assembly
1776107541.0984745,1.61,0,2.021,0.0,N/A,Assembly
1776107541.1036084,1.61,0,2.022,0.0,N/A,Assembly
1776107541.1086962,1.62,0,2.023,0.0,N/A,Assembly
1776107541.1137927,1.63,0,2.024,0.0,N/A,Assembly
1776107541.118907,1.63,0,2.024,0.0,N/A,Assembly
1776107541.123951,1.64,0,2.025,0.0,N/A,Assembly
1776107541.1290705,1.64,0,2.026,0.0,N/A,Assembly
1776107541.134128,1.65,0,2.027,0.0,N/A,Assembly
1776107541.1387422,1.65,0,2.027,0.0,N/A,Assembly
1776107541.1434379,1.65,0,2.028,0.0,N/A,Assembly
1776107541.1484456,1.66,0,2.029,0.0,N/A,Assembly
1776107541.1531665,1.66,0,2.03,0.0,N/A,Assembly
1776107541.1582184,1.67,0,2.031,0.0,N/A,Assembly
1776107541.1632452,1.67,0,2.031,0.0,N/A,Assembly
1776107541.1687613,1.68,0,2.032,0.0,N/A,Assembly
1776107541.1733005,1.68,0,2.033,0.0,N/A,Assembly
1776107541.1783423,1.69,0,2.034,0.0,N/A,Assembly
1776107541.1833715,1.69,0,2.034,0.0,N/A,Assembly
1776107541.1883976,1.7,0,2.035,0.0,N/A,Assembly
1776107541.1934235,1.7,0,2.036,0.0,N/A,Assembly
1776107541.198548,1.71,0,2.037,0.0,N/A,Assembly
1776107541.2037945,1.72,0,2.037,0.0,N/A,Assembly
1776107541.2084043,1.72,0,2.038,0.0,N/A,Assembly
1776107541.213442,1.72,0,2.039,0.0,N/A,Assembly
1776107541.218559,1.73,0,2.04,0.0,N/A,Assembly
1776107541.223898,1.74,0,2.04,0.0,N/A,Assembly
1776107541.2289965,1.74,0,2.041,0.0,N/A,Assembly
1776107541.23419,1.75,0,2.042,0.0,N/A,Assembly
1776107541.2393367,1.75,0,2.043,0.0,N/A,Assembly
1776107541.2442539,1.76,0,2.043,0.0,N/A,Assembly
1776107541.2492688,1.76,0,2.044,0.0,N/A,Assembly
1776107541.25432,1.77,0,2.045,0.0,N/A,Assembly
1776107541.2589972,1.77,0,2.046,0.0,N/A,Assembly
1776107541.2636132,1.77,0,2.046,0.0,N/A,Assembly
1776107541.268654,1.78,0,2.047,0.0,N/A,Assembly
1776107541.273358,1.78,0,2.048,0.0,N/A,Assembly
1776107541.27894,1.79,0,2.049,0.0,N/A,Assembly
1776107541.2834783,1.79,0,2.05,0.0,N/A,Assembly
1776107541.289021,1.8,0,2.05,0.0,N/A,Assembly
1776107541.2935565,1.8,0,2.051,0.0,N/A,Assembly
1776107541.298497,1.81,0,2.052,0.0,N/A,Assembly
1776107541.3036952,1.81,0,2.053,0.0,N/A,Assembly
1776107541.30878,1.82,0,2.053,0.0,N/A,Assembly
1776107541.313799,1.83,0,2.054,0.0,N/A,Assembly
1776107541.3188047,1.83,0,2.055,0.0,N/A,Assembly
1776107541.3238006,1.84,0,2.056,0.0,N/A,Assembly
1776107541.328843,1.84,0,2.056,0.0,N/A,Assembly
1776107541.3340316,1.85,0,2.057,0.0,N/A,Assembly
1776107541.339165,1.85,0,2.058,0.0,N/A,Assembly
1776107541.3445704,1.86,0,2.059,0.0,N/A,Assembly
1776107541.3500953,1.86,0,2.059,0.0,N/A,Assembly
1776107541.355518,1.87,0,2.06,0.0,N/A,Assembly
1776107541.3605504,1.87,0,2.061,0.0,N/A,Assembly
1776107541.3657815,1.88,0,2.062,0.0,N/A,Assembly
1776107541.37081,1.88,0,2.062,0.0,N/A,Assembly
1776107541.3758364,1.89,0,2.063,0.0,N/A,Assembly
1776107541.3809116,1.89,0,2.064,0.0,N/A,Assembly
1776107541.385944,1.9,0,2.065,0.0,N/A,Assembly
1776107541.3911107,1.9,0,2.066,0.0,N/A,Assembly
1776107541.396165,1.91,0,2.066,0.0,N/A,Assembly
1776107541.401544,1.91,0,2.067,0.0,N/A,Assembly
1776107541.4070976,1.92,0,2.068,0.0,N/A,Assembly
1776107541.4117286,1.92,0,2.069,0.0,N/A,Assembly
1776107541.4168267,1.93,0,2.069,0.0,N/A,Assembly
1776107541.421866,1.93,0,2.07,0.0,N/A,Assembly
1776107541.4269083,1.94,0,2.071,0.0,N/A,Assembly
1776107541.4325023,1.94,0,2.072,0.0,N/A,Assembly
1776107541.4375648,1.95,0,2.072,0.0,N/A,Assembly
1776107541.4426057,1.95,0,2.073,0.0,N/A,Assembly
1776107541.44763,1.96,0,2.074,0.0,N/A,Assembly
1776107541.4526753,1.96,0,2.075,0.0,N/A,Assembly
1776107541.4577281,1.97,0,2.075,0.0,N/A,Assembly
1776107541.4627504,1.97,0,2.076,0.0,N/A,Assembly
1776107541.467774,1.98,0,2.077,0.0,N/A,Assembly
1776107541.472898,1.98,0,2.078,0.0,N/A,Assembly
1776107541.4780042,1.99,0,2.078,0.0,N/A,Assembly
1776107541.4830532,1.99,0,2.079,0.0,N/A,Assembly
1776107541.4881425,2.0,0,2.08,0.0,N/A,Assembly
1776107541.4931693,2.0,0,2.081,0.0,N/A,Assembly
1776107541.4982026,2.01,0,2.081,0.0,N/A,Assembly
1776107541.5032246,2.01,0,2.082,0.0,N/A,Assembly
1776107541.508252,2.02,0,2.083,0.0,N/A,Assembly
1776107541.5132782,2.02,0,2.084,0.0,N/A,Assembly
1776107541.5183268,2.03,0,2.085,0.0,N/A,Assembly
1776107541.5233636,2.03,0,2.085,0.0,N/A,Assembly
1776107541.5284085,2.04,0,2.086,0.0,N/A,Assembly
1776107541.53389,2.05,0,2.087,0.0,N/A,Assembly
1776107541.5390053,2.05,0,2.088,0.0,N/A,Assembly
1776107541.5440373,2.06,0,2.088,0.0,N/A,Assembly
1776107541.5490866,2.06,0,2.089,0.0,N/A,Assembly
1776107541.554208,2.07,0,2.09,0.0,N/A,Assembly
1776107541.5594573,2.07,0,2.091,0.0,N/A,Assembly
1776107541.5645685,2.08,0,2.091,0.0,N/A,Assembly
1776107541.5695908,2.08,0,2.092,0.0,N/A,Assembly
1776107541.5743272,2.09,0,2.093,0.0,N/A,Assembly
1776107541.5793438,2.09,0,2.094,0.0,N/A,Assembly
1776107541.5844347,2.1,0,2.094,0.0,N/A,Assembly
1776107541.5895677,2.1,0,2.095,0.0,N/A,Assembly
1776107541.5947223,2.11,0,2.096,0.0,N/A,Assembly
1776107541.599759,2.11,0,2.097,0.0,N/A,Assembly
1776107541.6048076,2.12,0,2.097,0.0,N/A,Assembly
1776107541.609872,2.12,0,2.098,0.0,N/A,Assembly
1776107541.614974,2.13,0,2.099,0.0,N/A,Assembly
1776107541.619985,2.13,0,2.1,0.0,N/A,Assembly
1776107541.6250267,2.14,0,2.1,0.0,N/A,Assembly
1776107541.6300275,2.14,0,2.101,0.0,N/A,Assembly
1776107541.635771,2.15,0,2.102,0.0,N/A,Assembly
1776107541.640694,2.15,0,2.103,0.0,N/A,Assembly
1776107541.645746,2.16,0,2.104,0.0,N/A,Assembly
1776107541.6507661,2.16,0,2.104,0.0,N/A,Assembly
1776107541.6554897,2.17,0,2.105,0.0,N/A,Assembly
1776107541.6605263,2.17,0,2.106,0.0,N/A,Assembly
1776107541.6654732,2.18,0,2.107,0.0,N/A,Assembly
1776107541.670495,2.18,0,2.107,0.0,N/A,Assembly
1776107541.6753044,2.19,0,2.108,0.0,N/A,Assembly
1776107541.680496,2.19,0,2.109,0.0,N/A,Assembly
1776107541.6855311,2.2,0,2.11,0.0,N/A,Assembly
1776107541.6906056,2.2,0,2.11,0.0,N/A,Assembly
1776107541.6957161,2.21,0,2.111,0.0,N/A,Assembly
1776107541.7007546,2.21,0,2.112,0.0,N/A,Assembly
1776107541.7058086,2.22,0,2.113,0.0,N/A,Assembly
1776107541.71085,2.22,0,2.113,0.0,N/A,Assembly
1776107541.7158873,2.23,0,2.114,0.0,N/A,Assembly
1776107541.7209158,2.23,0,2.115,0.0,N/A,Assembly
1776107541.7258677,2.24,0,2.116,0.0,N/A,Assembly
1776107541.730916,2.24,0,2.116,0.0,N/A,Assembly
1776107541.7359598,2.25,0,2.117,0.0,N/A,Assembly
1776107541.740596,2.25,0,2.118,0.0,N/A,Assembly
1776107541.7452235,2.26,0,2.119,0.0,N/A,Assembly
1776107541.7502322,2.26,0,2.119,0.0,N/A,Assembly
1776107541.7552607,2.27,0,2.12,0.0,N/A,Assembly
1776107541.7603133,2.27,0,2.121,0.0,N/A,Assembly
1776107541.7653675,2.28,0,2.122,0.0,N/A,Assembly
1776107541.770311,2.28,0,2.122,0.0,N/A,Assembly
1776107541.7754009,2.29,0,2.123,0.0,N/A,Assembly
1776107541.7804174,2.29,0,2.124,0.0,N/A,Assembly
1776107541.7854798,2.3,0,2.125,0.0,N/A,Assembly
1776107541.790677,2.3,0,2.125,0.0,N/A,Assembly
1776107541.7957466,2.31,0,2.126,0.0,N/A,Assembly
1776107541.800815,2.31,0,2.127,0.0,N/A,Assembly
1776107541.8058517,2.32,0,2.128,0.0,N/A,Assembly
1776107541.8109138,2.32,0,2.129,0.0,N/A,Assembly
1776107541.8159466,2.33,0,2.129,0.0,N/A,Assembly
1776107541.8210723,2.33,0,2.13,0.0,N/A,Assembly
1776107541.826104,2.34,0,2.131,0.0,N/A,Assembly
1776107541.8311267,2.34,0,2.132,0.0,N/A,Assembly
1776107541.8361533,2.35,0,2.132,0.0,N/A,Assembly
1776107541.8412855,2.35,0,2.133,0.0,N/A,Assembly
1776107541.846521,2.36,0,2.134,0.0,N/A,Assembly
1776107541.8515553,2.36,0,2.135,0.0,N/A,Assembly
1776107541.8566282,2.37,0,2.135,0.0,N/A,Assembly
1776107541.8617485,2.37,0,2.136,0.0,N/A,Assembly
1776107541.8668053,2.38,0,2.137,0.0,N/A,Assembly
1776107541.8718688,2.38,0,2.138,0.0,N/A,Assembly
1776107541.8769054,2.39,0,2.138,0.0,N/A,Assembly
1776107541.881942,2.39,0,2.139,0.0,N/A,Assembly
1776107541.8869839,2.4,0,2.14,0.0,N/A,Assembly
1776107541.8925743,2.4,0,2.141,0.0,N/A,Assembly
1776107541.897137,2.41,0,2.141,0.0,N/A,Assembly
1776107541.9021564,2.41,0,2.142,0.0,N/A,Assembly
1776107541.9072163,2.42,0,2.143,0.0,N/A,Assembly
1776107541.912278,2.42,0,2.144,0.0,N/A,Assembly
1776107541.9178967,2.43,0,2.144,0.0,N/A,Assembly
1776107541.922931,2.43,0,2.145,0.0,N/A,Assembly
1776107541.928493,2.44,0,2.146,0.0,N/A,Assembly
1776107541.9330275,2.44,0,2.147,0.0,N/A,Assembly
1776107541.93811,2.45,0,2.147,0.0,N/A,Assembly
1776107541.9431822,2.45,0,2.148,0.0,N/A,Assembly
1776107541.9482152,2.46,0,2.149,0.0,N/A,Assembly
1776107541.953247,2.46,0,2.15,0.0,N/A,Assembly
1776107541.9582956,2.47,0,2.15,0.0,N/A,Assembly
1776107541.963336,2.47,0,2.151,0.0,N/A,Assembly
1776107541.9683468,2.48,0,2.152,0.0,N/A,Assembly
1776107541.9734664,2.48,0,2.153,0.0,N/A,Assembly
1776107541.9785035,2.49,0,2.153,0.0,N/A,Assembly
1776107541.9834325,2.49,0,2.154,0.0,N/A,Assembly
1776107541.9882035,2.5,0,2.155,0.0,N/A,Assembly
1776107541.992908,2.5,0,2.156,0.0,N/A,Assembly
1776107541.9979377,2.51,0,2.156,0.0,N/A,Assembly
1776107542.0032327,2.51,0,2.157,0.0,N/A,Assembly
1776107542.0082664,2.52,0,2.158,0.0,N/A,Assembly
1776107542.0133073,2.52,0,2.159,0.0,N/A,Assembly
1776107542.0183377,2.53,0,2.159,0.0,N/A,Assembly
1776107542.0234365,2.53,0,2.16,0.0,N/A,Assembly
1776107542.028485,2.54,0,2.161,0.0,N/A,Assembly
1776107542.0335364,2.54,0,2.162,0.0,N/A,Assembly
1776107542.0386117,2.55,0,2.162,0.0,N/A,Assembly
1776107542.043704,2.55,0,2.163,0.0,N/A,Assembly
1776107542.0487487,2.56,0,2.164,0.0,N/A,Assembly
1776107542.0538218,2.57,0,2.165,0.0,N/A,Assembly
1776107542.058881,2.57,0,2.165,0.0,N/A,Assembly
1776107542.063925,2.58,0,2.166,0.0,N/A,Assembly
1776107542.0689547,2.58,0,2.167,0.0,N/A,Assembly
1776107542.0739884,2.59,0,2.168,0.0,N/A,Assembly
1776107542.079551,2.59,0,2.168,0.0,N/A,Assembly
1776107542.084174,2.6,0,2.169,0.0,N/A,Assembly
1776107542.0892172,2.6,0,2.17,0.0,N/A,Assembly
1776107542.0941923,2.61,0,2.171,0.0,N/A,Assembly
1776107542.0992382,2.61,0,2.171,0.0,N/A,Assembly
1776107542.1043053,2.62,0,2.172,0.0,N/A,Assembly
1776107542.109345,2.62,0,2.173,0.0,N/A,Assembly
1776107542.1146283,2.63,0,2.174,0.0,N/A,Assembly
1776107542.1197364,2.63,0,2.174,0.0,N/A,Assembly
1776107542.1245682,2.64,0,2.175,0.0,N/A,Assembly
1776107542.129615,2.64,0,2.176,0.0,N/A,Assembly
1776107542.1347249,2.65,0,2.177,0.0,N/A,Assembly
1776107542.139751,2.65,0,2.177,0.0,N/A,Assembly
1776107542.1446636,2.66,0,2.178,0.0,N/A,Assembly
1776107542.1496706,2.66,0,2.179,0.0,N/A,Assembly
1776107542.1546898,2.67,0,2.18,0.0,N/A,Assembly
1776107542.1597474,2.67,0,2.18,0.0,N/A,Assembly
1776107542.1650147,2.68,0,2.181,0.0,N/A,Assembly
1776107542.1705313,2.68,0,2.182,0.0,N/A,Assembly
1776107542.1759121,2.69,0,2.183,0.0,N/A,Assembly
1776107542.180403,2.69,0,2.183,0.0,N/A,Assembly
1776107542.1854305,2.7,0,2.184,0.0,N/A,Assembly
1776107542.1900694,2.7,0,2.185,0.0,N/A,Assembly
1776107542.1951625,2.71,0,2.186,0.0,N/A,Assembly
1776107542.2002048,2.71,0,2.186,0.0,N/A,Assembly
1776107542.2053473,2.72,0,2.187,0.0,N/A,Assembly
1776107542.2104743,2.72,0,2.188,0.0,N/A,Assembly
1776107542.2155125,2.73,0,2.189,0.0,N/A,Assembly
1776107542.220547,2.73,0,2.189,0.0,N/A,Assembly
1776107542.2257051,2.74,0,2.19,0.0,N/A,Assembly
1776107542.2307272,2.74,0,2.191,0.0,N/A,Assembly
1776107542.2357686,2.75,0,2.192,0.0,N/A,Assembly
1776107542.240521,2.75,0,2.192,0.0,N/A,Assembly
1776107542.2458336,2.76,0,2.193,0.0,N/A,Assembly
1776107542.2508686,2.76,0,2.194,0.0,N/A,Assembly
1776107542.256059,2.77,0,2.195,0.0,N/A,Assembly
1776107542.2607732,2.77,0,2.195,0.0,N/A,Assembly
1776107542.2658114,2.78,0,2.196,0.0,N/A,Assembly
1776107542.2709286,2.78,0,2.197,0.0,N/A,Assembly
1776107542.2759683,2.79,0,2.198,0.0,N/A,Assembly
1776107542.2810028,2.79,0,2.198,0.0,N/A,Assembly
1776107542.285683,2.8,0,2.199,0.0,N/A,Assembly
1776107542.2907312,2.8,0,2.2,0.0,N/A,Assembly
1776107542.2957132,2.81,0,2.201,0.0,N/A,Assembly
1776107542.3013523,2.81,0,2.201,0.0,N/A,Assembly
1776107542.3063903,2.82,0,2.202,0.0,N/A,Assembly
1776107542.3114624,2.82,0,2.203,0.0,N/A,Assembly
1776107542.3164997,2.83,0,2.204,0.0,N/A,Assembly
1776107542.3216574,2.83,0,2.204,0.0,N/A,Assembly
1776107542.32674,2.84,0,2.205,0.0,N/A,Assembly
1776107542.3317766,2.84,0,2.206,0.0,N/A,Assembly
1776107542.336954,2.85,0,2.206,0.0,N/A,Assembly
1776107542.3420606,2.85,0,2.207,0.0,N/A,Assembly
1776107542.3468583,2.86,0,2.208,0.0,N/A,Assembly
1776107542.3516457,2.86,0,2.209,0.0,N/A,Assembly
1776107542.356706,2.87,0,2.209,0.0,N/A,Assembly
1776107542.3617404,2.87,0,2.21,0.0,N/A,Assembly
1776107542.3664582,2.88,0,2.211,0.0,N/A,Assembly
1776107542.3712387,2.88,0,2.212,0.0,N/A,Assembly
1776107542.376315,2.89,0,2.212,0.0,N/A,Assembly
1776107542.3813367,2.89,0,2.213,0.0,N/A,Assembly
1776107542.3863888,2.9,0,2.214,0.0,N/A,Assembly
1776107542.3914113,2.9,0,2.215,0.0,N/A,Assembly
1776107542.3967617,2.91,0,2.215,0.0,N/A,Assembly
1776107542.4017859,2.91,0,2.216,0.0,N/A,Assembly
1776107542.4068322,2.92,0,2.217,0.0,N/A,Assembly
1776107542.4118695,2.92,0,2.218,0.0,N/A,Assembly
1776107542.4168963,2.93,0,2.218,0.0,N/A,Assembly
1776107542.421939,2.93,0,2.219,0.0,N/A,Assembly
1776107542.4270637,2.94,0,2.22,0.0,N/A,Assembly
1776107542.4317625,2.94,0,2.221,0.0,N/A,Assembly
1776107542.436796,2.95,0,2.221,0.0,N/A,Assembly
1776107542.4418962,2.95,0,2.222,0.0,N/A,Assembly
1776107542.4469843,2.96,0,2.223,0.0,N/A,Assembly
1776107542.4520457,2.96,0,2.223,0.0,N/A,Assembly
1776107542.4570801,2.97,0,2.224,0.0,N/A,Assembly
1776107542.4624243,2.97,0,2.225,0.0,N/A,Assembly
1776107542.4674575,2.98,0,2.226,0.0,N/A,Assembly
1776107542.4724798,2.98,0,2.226,0.0,N/A,Assembly
1776107542.477655,2.99,0,2.227,0.0,N/A,Assembly
1776107542.482516,2.99,0,2.228,0.0,N/A,Assembly
1776107542.4875603,3.0,0,2.229,0.0,N/A,Assembly
1776107542.4922085,3.0,0,2.229,0.0,N/A,Assembly
1776107542.497354,3.01,0,2.23,0.0,N/A,Assembly
1776107542.5027416,3.01,0,2.231,0.0,N/A,Assembly
1776107542.5079086,3.02,0,2.232,0.0,N/A,Assembly
1776107542.512939,3.02,0,2.232,0.0,N/A,Assembly
1776107542.518019,3.03,0,2.233,0.0,N/A,Assembly
1776107542.5232327,3.03,0,2.234,0.0,N/A,Assembly
1776107542.528927,3.04,0,2.235,0.0,N/A,Assembly
1776107542.533968,3.05,0,2.235,0.0,N/A,Assembly
1776107542.5391154,3.05,0,2.236,0.0,N/A,Assembly
1776107542.5441587,3.06,0,2.237,0.0,N/A,Assembly
1776107542.549185,3.06,0,2.237,0.0,N/A,Assembly
1776107542.554213,3.07,0,2.238,0.0,N/A,Assembly
1776107542.5592492,3.07,0,2.239,0.0,N/A,Assembly
1776107542.5642803,3.08,0,2.24,0.0,N/A,Assembly
1776107542.569387,3.08,0,2.24,0.0,N/A,Assembly
1776107542.574365,3.09,0,2.241,0.0,N/A,Assembly
1776107542.5793996,3.09,0,2.242,0.0,N/A,Assembly
1776107542.5845666,3.1,0,2.243,0.0,N/A,Assembly
1776107542.5898118,3.1,0,2.243,0.0,N/A,Assembly
1776107542.5949836,3.11,0,2.244,0.0,N/A,Assembly
1776107542.6000926,3.11,0,2.245,0.0,N/A,Assembly
1776107542.6051822,3.12,0,2.245,0.0,N/A,Assembly
1776107542.61028,3.12,0,2.246,0.0,N/A,Assembly
1776107542.6154165,3.13,0,2.247,0.0,N/A,Assembly
1776107542.620348,3.13,0,2.248,0.0,N/A,Assembly
1776107542.6254175,3.14,0,2.248,0.0,N/A,Assembly
1776107542.6304767,3.14,0,2.249,0.0,N/A,Assembly
1776107542.6355622,3.15,0,2.25,0.0,N/A,Assembly
1776107542.6406395,3.15,0,2.251,0.0,N/A,Assembly
1776107542.6455467,3.16,0,2.251,0.0,N/A,Assembly
1776107542.650651,3.16,0,2.252,0.0,N/A,Assembly
1776107542.6557088,3.17,0,2.253,0.0,N/A,Assembly
1776107542.6608448,3.17,0,2.253,0.0,N/A,Assembly
1776107542.6659071,3.18,0,2.254,0.0,N/A,Assembly
1776107542.6709456,3.18,0,2.255,0.0,N/A,Assembly
1776107542.6755934,3.19,0,2.256,0.0,N/A,Assembly
1776107542.680619,3.19,0,2.256,0.0,N/A,Assembly
1776107542.6856437,3.2,0,2.257,0.0,N/A,Assembly
1776107542.6904821,3.2,0,2.258,0.0,N/A,Assembly
1776107542.6956918,3.21,0,2.259,0.0,N/A,Assembly
1776107542.7007334,3.21,0,2.259,0.0,N/A,Assembly
1776107542.7057836,3.22,0,2.26,0.0,N/A,Assembly
1776107542.710809,3.22,0,2.261,0.0,N/A,Assembly
1776107542.7158418,3.23,0,2.261,0.0,N/A,Assembly
1776107542.7208827,3.23,0,2.262,0.0,N/A,Assembly
1776107542.7261453,3.24,0,2.263,0.0,N/A,Assembly
1776107542.7313867,3.24,0,2.264,0.0,N/A,Assembly
1776107542.7364175,3.25,0,2.264,0.0,N/A,Assembly
1776107542.7415986,3.25,0,2.265,0.0,N/A,Assembly
1776107542.7467196,3.26,0,2.266,0.0,N/A,Assembly
1776107542.7516556,3.26,0,2.267,0.0,N/A,Assembly
1776107542.7569442,3.27,0,2.267,0.0,N/A,Assembly
1776107542.7616625,3.27,0,2.268,0.0,N/A,Assembly
1776107542.766692,3.28,0,2.269,0.0,N/A,Assembly
1776107542.7718232,3.28,0,2.269,0.0,N/A,Assembly
1776107542.7768877,3.29,0,2.27,0.0,N/A,Assembly
1776107542.7819788,3.29,0,2.271,0.0,N/A,Assembly
1776107542.787063,3.3,0,2.272,0.0,N/A,Assembly
1776107542.7920635,3.3,0,2.272,0.0,N/A,Assembly
1776107542.7971454,3.31,0,2.273,0.0,N/A,Assembly
1776107542.8020067,3.31,0,2.274,0.0,N/A,Assembly
1776107542.8070369,3.32,0,2.274,0.0,N/A,Assembly
1776107542.811685,3.32,0,2.275,0.0,N/A,Moving on Conveyor
1776107542.8163075,3.33,0,2.276,0.0,N/A,Moving on Conveyor
1776107542.820949,3.33,0,2.277,0.0,N/A,Moving on Conveyor
1776107542.826027,3.34,0,2.278,0.0,N/A,Moving on Conveyor
1776107542.831138,3.34,0,2.279,0.0,N/A,Moving on Conveyor
1776107542.836379,3.35,0,2.28,0.0,N/A,Moving on Conveyor
1776107542.8415112,3.35,0,2.282,0.0,N/A,Moving on Conveyor
1776107542.8464003,3.36,0,2.284,0.0,N/A,Moving on Conveyor
1776107542.8515403,3.36,0,2.286,0.0,N/A,Moving on Conveyor
1776107542.8565903,3.37,0,2.288,0.0,N/A,Moving on Conveyor
1776107542.8618166,3.37,0,2.291,0.0,N/A,Moving on Conveyor
1776107542.8666801,3.38,0,2.293,0.0,N/A,Moving on Conveyor
1776107542.871374,3.38,0,2.296,0.0,N/A,Moving on Conveyor
1776107542.876001,3.39,0,2.298,0.0,N/A,Moving on Conveyor
1776107542.8806038,3.39,0,2.301,0.0,N/A,Moving on Conveyor
1776107542.8856592,3.4,0,2.304,0.0,N/A,Moving on Conveyor
1776107542.890615,3.4,0,2.307,0.0,N/A,Moving on Conveyor
1776107542.8956718,3.41,0,2.31,0.0,N/A,Moving on Conveyor
1776107542.900686,3.41,0,2.313,0.0,N/A,Moving on Conveyor
1776107542.9057505,3.42,0,2.316,0.0,N/A,Moving on Conveyor
1776107542.9109416,3.42,0,2.319,0.0,N/A,Moving on Conveyor
1776107542.9160757,3.43,0,2.322,0.0,N/A,Moving on Conveyor
1776107542.9209213,3.43,0,2.325,0.0,N/A,Moving on Conveyor
1776107542.9256256,3.44,0,2.328,0.0,N/A,Moving on Conveyor
1776107542.9307353,3.44,0,2.331,0.0,N/A,Moving on Conveyor
1776107542.9357853,3.45,0,2.335,0.0,N/A,Moving on Conveyor
1776107542.940921,3.45,0,2.338,0.0,N/A,Moving on Conveyor
1776107542.9463327,3.46,0,2.341,0.0,N/A,Moving on Conveyor
1776107542.951367,3.46,0,2.344,0.0,N/A,Moving on Conveyor
1776107542.9563904,3.47,0,2.348,0.0,N/A,Moving on Conveyor
1776107542.9616966,3.47,0,2.351,0.0,N/A,Moving on Conveyor
1776107542.9667294,3.48,0,2.354,0.0,N/A,Moving on Conveyor
1776107542.971784,3.48,0,2.357,0.0,N/A,Moving on Conveyor
1776107542.9765108,3.49,0,2.361,0.0,N/A,Moving on Conveyor
1776107542.9812298,3.49,0,2.364,0.0,N/A,Moving on Conveyor
1776107542.9862483,3.5,0,2.367,0.0,N/A,Moving on Conveyor
1776107542.991353,3.5,0,2.371,0.0,N/A,Moving on Conveyor
1776107542.9960659,3.51,0,2.374,0.0,N/A,Moving on Conveyor
1776107543.0010915,3.51,0,2.377,0.0,N/A,Moving on Conveyor
1776107543.0062206,3.52,0,2.381,0.0,N/A,Moving on Conveyor
1776107543.011297,3.52,0,2.384,0.0,N/A,Moving on Conveyor
1776107543.0163417,3.53,0,2.387,0.0,N/A,Moving on Conveyor
1776107543.0212138,3.53,0,2.411,0.0,N/A,Moving on Conveyor
1776107543.0262723,3.54,0,2.434,0.0,N/A,Moving on Conveyor
1776107543.0312943,3.54,0,2.457,0.0,N/A,Moving on Conveyor
1776107543.0363324,3.55,0,2.48,0.0,N/A,Moving on Conveyor
1776107543.0410168,3.55,0,2.503,0.0,N/A,Moving on Conveyor
1776107543.046134,3.56,0,2.525,0.0,N/A,Moving on Conveyor
1776107543.051223,3.56,0,2.548,0.0,N/A,Moving on Conveyor
1776107543.056298,3.57,0,2.57,0.0,N/A,Moving on Conveyor
1776107543.0610135,3.57,0,2.591,0.0,N/A,Moving on Conveyor
1776107543.0660424,3.58,0,2.613,0.0,N/A,Moving on Conveyor
1776107543.0710814,3.58,0,2.634,0.0,N/A,Moving on Conveyor
1776107543.0761585,3.59,0,2.656,0.0,N/A,Moving on Conveyor
1776107543.081186,3.59,0,2.677,0.0,N/A,Moving on Conveyor
1776107543.0859056,3.6,0,2.697,0.0,N/A,Moving on Conveyor
1776107543.0904627,3.6,0,2.718,0.0,N/A,Moving on Conveyor
1776107543.095055,3.61,0,2.738,0.0,N/A,Moving on Conveyor
1776107543.1000948,3.61,0,2.758,0.0,N/A,Moving on Conveyor
1776107543.1052063,3.62,0,2.778,0.0,N/A,Moving on Conveyor
1776107543.1103668,3.62,0,2.797,0.0,N/A,Moving on Conveyor
1776107543.115054,3.63,0,2.817,0.0,N/A,Moving on Conveyor
1776107543.120584,3.63,0,2.836,0.0,N/A,Moving on Conveyor
1776107543.1251473,3.64,0,2.855,0.0,N/A,Moving on Conveyor
1776107543.1303122,3.64,0,2.874,0.0,N/A,Moving on Conveyor
1776107543.1353464,3.65,0,2.892,0.0,N/A,Moving on Conveyor
1776107543.1404104,3.65,0,2.91,0.0,N/A,Moving on Conveyor
1776107543.1455724,3.66,0,2.928,0.0,N/A,Moving on Conveyor
1776107543.1508389,3.66,0,2.946,0.0,N/A,Moving on Conveyor
1776107543.1559222,3.67,0,2.964,0.0,N/A,Moving on Conveyor
1776107543.160983,3.67,0,2.981,0.0,N/A,Moving on Conveyor
1776107543.1660194,3.68,0,2.999,0.0,N/A,Moving on Conveyor
1776107543.1710646,3.68,0,3.016,0.0,N/A,Moving on Conveyor
1776107543.1761584,3.69,0,3.032,0.0,N/A,Moving on Conveyor
1776107543.1812043,3.69,0,3.049,0.0,N/A,Moving on Conveyor
1776107543.1862876,3.7,0,3.065,0.0,N/A,Moving on Conveyor
1776107543.191471,3.7,0,3.081,0.0,N/A,Moving on Conveyor
1776107543.1962187,3.71,0,3.097,0.0,N/A,Moving on Conveyor
1776107543.2012956,3.71,0,3.113,0.0,N/A,Moving on Conveyor
1776107543.2063856,3.72,0,3.129,0.0,N/A,Moving on Conveyor
1776107543.210906,3.72,0,3.144,0.0,N/A,Moving on Conveyor
1776107543.2159355,3.73,0,3.159,0.0,N/A,Moving on Conveyor
1776107543.2209122,3.73,0,3.174,0.0,N/A,Moving on Conveyor
1776107543.2259514,3.74,0,3.189,0.0,N/A,Moving on Conveyor
1776107543.2309778,3.74,0,3.204,0.0,N/A,Moving on Conveyor
1776107543.2360098,3.75,0,3.218,0.0,N/A,Moving on Conveyor
1776107543.2406082,3.75,0,3.232,0.0,N/A,Moving on Conveyor
1776107543.2456722,3.76,0,3.246,0.0,N/A,Moving on Conveyor
1776107543.2507257,3.76,0,3.26,0.0,N/A,Moving on Conveyor
1776107543.2557569,3.77,0,3.274,0.0,N/A,Moving on Conveyor
1776107543.2607737,3.77,0,3.287,0.0,N/A,Moving on Conveyor
1776107543.2658017,3.78,0,3.301,0.0,N/A,Moving on Conveyor
1776107543.2708466,3.78,0,3.314,0.0,N/A,Moving on Conveyor
1776107543.275886,3.79,0,3.327,0.0,N/A,Moving on Conveyor
1776107543.280908,3.79,0,3.34,0.0,N/A,Moving on Conveyor
1776107543.2866325,3.8,0,3.352,0.0,N/A,Moving on Conveyor
1776107543.291131,3.8,0,3.365,0.0,N/A,Moving on Conveyor
1776107543.29627,3.81,0,3.377,0.0,N/A,Moving on Conveyor
1776107543.301496,3.81,0,3.389,0.0,N/A,Moving on Conveyor
1776107543.3066962,3.82,0,3.401,0.0,N/A,Moving on Conveyor
1776107543.3119314,3.82,0,3.413,0.0,N/A,Moving on Conveyor
1776107543.3170178,3.83,0,3.425,0.0,N/A,Moving on Conveyor
1776107543.3220606,3.83,0,3.437,0.0,N/A,Moving on Conveyor
1776107543.3268933,3.84,0,3.448,0.0,N/A,Moving on Conveyor
1776107543.331918,3.84,0,3.459,0.0,N/A,Moving on Conveyor
1776107543.3369496,3.85,0,3.47,0.0,N/A,Moving on Conveyor
1776107543.34202,3.85,0,3.481,0.0,N/A,Moving on Conveyor
1776107543.3471286,3.86,0,3.492,0.0,N/A,Moving on Conveyor
1776107543.3522332,3.86,0,3.503,0.0,N/A,Moving on Conveyor
1776107543.3572698,3.87,0,3.513,0.0,N/A,Moving on Conveyor
1776107543.3623118,3.87,0,3.524,0.0,N/A,Moving on Conveyor
1776107543.3677795,3.88,0,3.534,0.0,N/A,Moving on Conveyor
1776107543.372865,3.88,0,3.544,0.0,N/A,Moving on Conveyor
1776107543.3779004,3.89,0,3.554,0.0,N/A,Moving on Conveyor
1776107543.3829963,3.89,0,3.564,0.0,N/A,Moving on Conveyor
1776107543.3880527,3.9,0,3.573,0.0,N/A,Moving on Conveyor
1776107543.393109,3.9,0,3.583,0.0,N/A,Moving on Conveyor
1776107543.3981895,3.91,0,3.592,0.0,N/A,Moving on Conveyor
1776107543.4029107,3.91,0,3.602,0.0,N/A,Moving on Conveyor
1776107543.4075294,3.92,0,3.611,0.0,N/A,Moving on Conveyor
1776107543.412142,3.92,0,3.62,0.0,N/A,Moving on Conveyor
1776107543.417167,3.93,0,3.629,0.0,N/A,Moving on Conveyor
1776107543.4219735,3.93,0,3.638,0.0,N/A,Moving on Conveyor
1776107543.4269066,3.94,0,3.647,0.0,N/A,Moving on Conveyor
1776107543.4319718,3.94,0,3.655,0.0,N/A,Moving on Conveyor
1776107543.4371529,3.95,0,3.664,0.0,N/A,Moving on Conveyor
1776107543.442178,3.95,0,3.672,0.0,N/A,Moving on Conveyor
1776107543.4467752,3.96,0,3.681,0.0,N/A,Moving on Conveyor
1776107543.451428,3.96,0,3.689,0.0,N/A,Moving on Conveyor
1776107543.4561846,3.97,0,3.697,0.0,N/A,Moving on Conveyor
1776107543.4612997,3.97,0,3.705,0.0,N/A,Moving on Conveyor
1776107543.4659226,3.98,0,3.713,0.0,N/A,Moving on Conveyor
1776107543.4710143,3.98,0,3.72,0.0,N/A,Moving on Conveyor
1776107543.4755728,3.99,0,3.728,0.0,N/A,Moving on Conveyor
1776107543.4805555,3.99,0,3.736,0.0,N/A,Moving on Conveyor
1776107543.4861627,4.0,0,3.743,0.0,N/A,Moving on Conveyor
1776107543.4911828,4.0,0,3.751,0.0,N/A,Moving on Conveyor
1776107543.4959002,4.01,0,3.758,0.0,N/A,Moving on Conveyor
1776107543.50083,4.01,0,3.765,0.0,N/A,Moving on Conveyor
1776107543.5059466,4.02,0,3.772,0.0,N/A,Moving on Conveyor
1776107543.5109828,4.02,0,3.779,0.0,N/A,Moving on Conveyor
1776107543.5155654,4.03,0,3.786,0.0,N/A,Moving on Conveyor
1776107543.5205755,4.03,0,3.793,0.0,N/A,Moving on Conveyor
1776107543.525604,4.04,0,3.8,0.0,N/A,Moving on Conveyor
1776107543.5306337,4.04,0,3.806,0.0,N/A,Moving on Conveyor
1776107543.535651,4.05,0,3.813,0.0,N/A,Moving on Conveyor
1776107543.540571,4.05,0,3.82,0.0,N/A,Moving on Conveyor
1776107543.5456607,4.06,0,3.826,0.0,N/A,Moving on Conveyor
1776107543.5506356,4.06,0,3.832,0.0,N/A,Moving on Conveyor
1776107543.5557652,4.07,0,3.839,0.0,N/A,Moving on Conveyor
1776107543.5607982,4.07,0,3.845,0.0,N/A,Moving on Conveyor
1776107543.5658236,4.08,0,3.851,0.0,N/A,Moving on Conveyor
1776107543.5708487,4.08,0,3.857,0.0,N/A,Moving on Conveyor
1776107543.57587,4.09,0,3.863,0.0,N/A,Moving on Conveyor
1776107543.5806518,4.09,0,3.869,0.0,N/A,Moving on Conveyor
1776107543.5854845,4.1,0,3.875,0.0,N/A,Moving on Conveyor
1776107543.590189,4.1,0,3.88,0.0,N/A,Moving on Conveyor
1776107543.5949605,4.11,0,3.886,0.0,N/A,Moving on Conveyor
1776107543.6001916,4.11,0,3.892,0.0,N/A,Moving on Conveyor
1776107543.605214,4.12,0,3.897,0.0,N/A,Moving on Conveyor
1776107543.6107805,4.12,0,3.903,0.0,N/A,Moving on Conveyor
1776107543.6153016,4.13,0,3.908,0.0,N/A,Moving on Conveyor
1776107543.6202896,4.13,0,3.913,0.0,N/A,Moving on Conveyor
1776107543.6253355,4.14,0,3.919,0.0,N/A,Moving on Conveyor
1776107543.630348,4.14,0,3.924,0.0,N/A,Moving on Conveyor
1776107543.6353586,4.15,0,3.929,0.0,N/A,Moving on Conveyor
1776107543.6403918,4.15,0,3.934,0.0,N/A,Moving on Conveyor
1776107543.6450365,4.16,0,3.939,0.0,N/A,Moving on Conveyor
1776107543.6500595,4.16,0,3.944,0.0,N/A,Moving on Conveyor
1776107543.6551661,4.17,0,3.949,0.0,N/A,Moving on Conveyor
1776107543.6606987,4.17,0,3.954,0.0,N/A,Moving on Conveyor
1776107543.6652484,4.18,0,3.959,0.0,N/A,Moving on Conveyor
1776107543.6701791,4.18,0,3.963,0.0,N/A,Moving on Conveyor
1776107543.6752179,4.19,0,3.968,0.0,N/A,Moving on Conveyor
1776107543.6802273,4.19,0,3.973,0.0,N/A,Moving on Conveyor
1776107543.6850529,4.2,0,3.977,0.0,N/A,Moving on Conveyor
1776107543.6897297,4.2,0,3.982,0.0,N/A,Moving on Conveyor
1776107543.694805,4.21,0,3.986,0.0,N/A,Moving on Conveyor
1776107543.699845,4.21,0,3.99,0.0,N/A,Moving on Conveyor
1776107543.7049253,4.22,0,3.995,0.0,N/A,Moving on Conveyor
1776107543.7099757,4.22,0,3.999,0.0,N/A,Moving on Conveyor
1776107543.7151265,4.23,0,4.003,0.0,N/A,Moving on Conveyor
1776107543.7196634,4.23,0,4.008,0.0,N/A,Moving on Conveyor
1776107543.7249033,4.24,0,4.012,0.0,N/A,Moving on Conveyor
1776107543.7299337,4.24,0,4.016,0.0,N/A,Moving on Conveyor
1776107543.735113,4.25,0,4.02,0.0,N/A,Moving on Conveyor
1776107543.7401428,4.25,0,4.024,0.0,N/A,Moving on Conveyor
1776107543.7452755,4.26,0,4.028,0.0,N/A,Moving on Conveyor
1776107543.750282,4.26,0,4.032,0.0,N/A,Moving on Conveyor
1776107543.7553198,4.27,0,4.036,0.0,N/A,Moving on Conveyor
1776107543.760353,4.27,0,4.04,0.0,N/A,Moving on Conveyor
1776107543.7654471,4.28,0,4.043,0.0,N/A,Moving on Conveyor
1776107543.7704535,4.28,0,4.047,0.0,N/A,Moving on Conveyor
1776107543.775458,4.29,0,4.051,0.0,N/A,Moving on Conveyor
1776107543.780704,4.29,0,4.054,0.0,N/A,Moving on Conveyor
1776107543.7858098,4.3,0,4.058,0.0,N/A,Moving on Conveyor
1776107543.7908685,4.3,0,4.062,0.0,N/A,Moving on Conveyor
1776107543.7954125,4.31,0,4.065,0.0,N/A,Moving on Conveyor
1776107543.8004422,4.31,0,4.069,0.0,N/A,Moving on Conveyor
1776107543.8050966,4.32,0,4.072,0.0,N/A,Moving on Conveyor
1776107543.8097317,4.32,0,4.076,0.0,N/A,Moving on Conveyor
1776107543.8143697,4.33,0,4.079,0.0,N/A,Moving on Conveyor
1776107543.8193831,4.33,0,4.082,0.0,N/A,Moving on Conveyor
1776107543.8240805,4.34,0,4.086,0.0,N/A,Moving on Conveyor
1776107543.8286445,4.34,0,4.089,0.0,N/A,Moving on Conveyor
1776107543.8333569,4.34,0,4.092,0.0,N/A,Moving on Conveyor
1776107543.837948,4.35,0,4.095,0.0,N/A,Moving on Conveyor
1776107543.8425212,4.35,0,4.098,0.0,N/A,Moving on Conveyor
1776107543.847578,4.36,0,4.102,0.0,N/A,Moving on Conveyor
1776107543.852705,4.36,0,4.105,0.0,N/A,Moving on Conveyor
1776107543.857756,4.37,0,4.108,0.0,N/A,Moving on Conveyor
1776107543.8627756,4.37,0,4.111,0.0,N/A,Moving on Conveyor
1776107543.8677998,4.38,0,4.114,0.0,N/A,Moving on Conveyor
1776107543.8723192,4.38,0,4.117,0.0,N/A,Moving on Conveyor
1776107543.8770635,4.39,0,4.12,0.0,N/A,Moving on Conveyor
1776107543.8823528,4.39,0,4.122,0.0,N/A,Moving on Conveyor
1776107543.8874106,4.4,0,4.125,0.0,N/A,Moving on Conveyor
1776107543.8923917,4.4,0,4.128,0.0,N/A,Moving on Conveyor
1776107543.896995,4.41,0,4.131,0.0,N/A,Moving on Conveyor
1776107543.901985,4.41,0,4.134,0.0,N/A,Moving on Conveyor
1776107543.906514,4.42,0,4.136,0.0,N/A,Moving on Conveyor
1776107543.9118786,4.42,0,4.139,0.0,N/A,Moving on Conveyor
1776107543.9165595,4.43,0,4.142,0.0,N/A,Moving on Conveyor
1776107543.9218237,4.43,0,4.144,0.0,N/A,Moving on Conveyor
1776107543.926867,4.44,0,4.147,0.0,N/A,Moving on Conveyor
1776107543.9320102,4.44,0,4.15,0.0,N/A,Moving on Conveyor
1776107543.9371884,4.45,0,4.152,0.0,N/A,Moving on Conveyor
1776107543.9417267,4.45,0,4.155,0.0,N/A,Moving on Conveyor
1776107543.9462492,4.46,0,4.157,0.0,N/A,Moving on Conveyor
1776107543.951261,4.46,0,4.16,0.0,N/A,Moving on Conveyor
1776107543.9563036,4.47,0,4.162,0.0,N/A,Moving on Conveyor
1776107543.9609141,4.47,0,4.165,0.0,N/A,Moving on Conveyor
1776107543.965474,4.48,0,4.167,0.0,N/A,Moving on Conveyor
1776107543.970487,4.48,0,4.169,0.0,N/A,Moving on Conveyor
1776107543.9755082,4.49,0,4.172,0.0,N/A,Moving on Conveyor
1776107543.9805317,4.49,0,4.174,0.0,N/A,Moving on Conveyor
1776107543.9855716,4.5,0,4.176,0.0,N/A,Moving on Conveyor
1776107543.9903529,4.5,0,4.179,0.0,N/A,Moving on Conveyor
1776107543.9950113,4.51,0,4.181,0.0,N/A,Moving on Conveyor
1776107544.0000174,4.51,0,4.183,0.0,N/A,Moving on Conveyor
1776107544.0066922,4.52,0,4.185,0.0,N/A,Moving on Conveyor
1776107544.0143063,4.53,0,4.188,0.0,N/A,Moving on Conveyor
1776107544.0203283,4.53,0,4.344,0.0,N/A,Moving on Conveyor
1776107544.0263698,4.54,0,4.487,0.0,N/A,Moving on Conveyor
1776107544.0319269,4.54,0,4.62,0.0,N/A,Moving on Conveyor
1776107544.038482,4.55,0,4.742,0.0,N/A,Moving on Conveyor
1776107544.0466547,4.56,0,4.854,0.0,N/A,Moving on Conveyor
1776107544.053753,4.57,0,4.959,0.0,N/A,Moving on Conveyor
1776107544.0623536,4.57,0,5.054,0.0,N/A,Moving on Conveyor
1776107544.0706143,4.58,0,5.142,0.0,N/A,Moving on Conveyor
1776107544.0803277,4.59,0,5.222,0.0,N/A,Moving on Conveyor
1776107544.0884917,4.6,0,5.296,0.0,N/A,Moving on Conveyor
1776107544.1002436,4.61,0,5.363,0.0,N/A,Moving on Conveyor
1776107544.105901,4.62,0,5.423,0.0,N/A,Moving on Conveyor
1776107544.1140947,4.63,0,5.479,0.0,N/A,Moving on Conveyor
1776107544.122711,4.63,0,5.529,0.0,N/A,Moving on Conveyor
1776107544.1302605,4.64,0,5.574,0.0,N/A,Moving on Conveyor
1776107544.1373487,4.65,0,5.615,0.0,N/A,Moving on Conveyor
1776107544.1434305,4.65,0,5.653,0.0,N/A,Moving on Conveyor
1776107544.1489537,4.66,0,5.687,0.0,N/A,Moving on Conveyor
1776107544.1622849,4.67,0,5.718,0.0,N/A,Moving on Conveyor
1776107544.1723404,4.68,0,5.746,0.0,N/A,Moving on Conveyor
1776107544.182583,4.69,0,5.771,0.0,N/A,Moving on Conveyor
1776107544.1937366,4.7,0,5.795,0.0,N/A,Moving on Conveyor
1776107544.2043443,4.72,0,5.816,0.0,N/A,Moving on Conveyor
1776107544.215455,4.73,0,5.836,0.0,N/A,Moving on Conveyor
1776107544.2268858,4.74,0,5.853,0.0,N/A,Moving on Conveyor
1776107544.2361405,4.75,0,5.87,0.0,N/A,Moving on Conveyor
1776107544.2437594,4.76,0,5.885,0.0,N/A,Moving on Conveyor
1776107544.2534518,4.76,0,5.899,0.0,N/A,Moving on Conveyor
1776107544.2620227,4.77,0,5.913,0.0,N/A,Moving on Conveyor
1776107544.2708213,4.78,0,5.925,0.0,N/A,Moving on Conveyor
1776107544.2806845,4.79,0,5.937,0.0,N/A,Moving on Conveyor
1776107544.2892797,4.8,0,5.948,0.0,N/A,Moving on Conveyor
1776107544.2976296,4.81,0,5.958,0.0,N/A,Moving on Conveyor
1776107544.3057606,4.82,0,5.969,0.0,N/A,Moving on Conveyor
1776107544.314505,4.83,0,5.979,0.0,N/A,Moving on Conveyor
1776107544.3235393,4.83,0,5.989,0.0,N/A,Moving on Conveyor
1776107544.3322413,4.84,0,5.999,0.0,N/A,Moving on Conveyor
1776107544.3403034,4.85,0,6.009,0.0,N/A,Moving on Conveyor
1776107544.3479903,4.86,0,6.018,0.0,N/A,Painting
1776107544.3565693,4.87,0,6.028,0.0,N/A,Painting
1776107544.3642888,4.88,0,6.038,0.0,N/A,Painting
1776107544.372819,4.88,0,6.047,0.0,N/A,Painting
1776107544.3800356,4.89,0,6.057,0.0,N/A,Painting
1776107544.3883042,4.9,0,6.065,0.0,N/A,Painting
1776107544.3965232,4.91,0,6.074,0.0,N/A,Painting
1776107544.4036317,4.91,0,6.082,0.0,N/A,Painting
1776107544.4122152,4.92,0,6.09,0.0,N/A,Painting
1776107544.420259,4.93,0,6.098,0.0,N/A,Painting
1776107544.4278014,4.94,0,6.106,0.0,N/A,Painting
1776107544.436362,4.95,0,6.113,0.0,N/A,Painting
1776107544.4447498,4.96,0,6.12,0.0,N/A,Painting
1776107544.452969,4.96,0,6.127,0.0,N/A,Painting
1776107544.4606473,4.97,0,6.134,0.0,N/A,Painting
1776107544.4691858,4.98,0,6.14,0.0,N/A,Painting
1776107544.476733,4.99,0,6.147,0.0,N/A,Painting
1776107544.4833405,4.99,0,6.153,0.0,N/A,Painting
1776107544.4914093,5.0,0,6.158,0.0,N/A,Painting
1776107544.501098,5.01,0,6.164,0.0,N/A,Painting
1776107544.5081468,5.02,0,6.169,0.0,N/A,Painting
1776107544.517781,5.03,0,6.174,0.0,N/A,Painting
1776107544.52552,5.04,0,6.179,0.0,N/A,Painting
1776107544.533415,5.04,0,6.183,0.0,N/A,Painting
1776107544.5412147,5.05,0,6.187,0.0,N/A,Painting
1776107544.5503404,5.06,0,6.191,0.0,N/A,Painting
1776107544.5570564,5.07,0,6.195,0.0,N/A,Painting
1776107544.5672781,5.08,0,6.199,0.0,N/A,Painting
1776107544.5749228,5.09,0,6.202,0.0,N/A,Painting
1776107544.5829926,5.09,0,6.205,0.0,N/A,Painting
1776107544.590774,5.1,0,6.208,0.0,N/A,Painting
1776107544.5989015,5.11,0,6.21,0.0,N/A,Painting
1776107544.6070147,5.12,0,6.212,0.0,N/A,Painting
1776107544.614105,5.13,0,6.214,0.0,N/A,Painting
1776107544.6232226,5.13,0,6.216,0.0,N/A,Painting
1776107544.631362,5.14,0,6.218,0.0,N/A,Painting
1776107544.6394749,5.15,0,6.219,0.0,N/A,Painting
1776107544.647074,5.16,0,6.221,0.0,N/A,Painting
1776107544.6553373,5.17,0,6.222,0.0,N/A,Painting
1776107544.6629946,5.17,0,6.224,0.0,N/A,Painting
1776107544.672226,5.18,0,6.226,0.0,N/A,Painting
1776107544.6807878,5.19,0,6.228,0.0,N/A,Painting
1776107544.6889374,5.2,0,6.23,0.0,N/A,Painting
1776107544.6969967,5.21,0,6.233,0.0,N/A,Painting
1776107544.7037764,5.22,0,6.235,0.0,N/A,Painting
1776107544.7129004,5.22,0,6.238,0.0,N/A,Painting
1776107544.7202373,5.23,0,6.241,0.0,N/A,Painting
1776107544.7297795,5.24,0,6.245,0.0,N/A,Painting
1776107544.739379,5.25,0,6.248,0.0,N/A,Painting
1776107544.7471626,5.26,0,6.252,0.0,N/A,Painting
1776107544.7552292,5.27,0,6.255,0.0,N/A,Painting
1776107544.7633715,5.27,0,6.259,0.0,N/A,Painting
1776107544.7714496,5.28,0,6.263,0.0,N/A,Painting
1776107544.7786028,5.29,0,6.268,0.0,N/A,Painting
1776107544.7874157,5.3,0,6.272,0.0,N/A,Painting
1776107544.7969615,5.31,0,6.276,0.0,N/A,Painting
1776107544.8056734,5.32,0,6.28,0.0,N/A,Painting
1776107544.813333,5.32,0,6.284,0.0,N/A,Painting
1776107544.8217092,5.33,0,6.288,0.0,N/A,Painting
1776107544.8304904,5.34,0,6.292,0.0,N/A,Painting
1776107544.8387344,5.35,0,6.296,0.0,N/A,Painting
1776107544.8474622,5.36,0,6.299,0.0,N/A,Painting
1776107544.856647,5.37,0,6.303,0.0,N/A,Painting
1776107544.8647418,5.38,0,6.306,0.0,N/A,Painting
1776107544.8743675,5.39,0,6.308,0.0,N/A,Painting
1776107544.8835413,5.39,0,6.311,0.0,N/A,Painting
1776107544.8911586,5.4,0,6.313,0.0,N/A,Painting
1776107544.8992434,5.41,0,6.314,0.0,N/A,Painting
1776107544.906839,5.42,0,6.316,0.0,N/A,Painting
1776107544.9149327,5.43,0,6.317,0.0,N/A,Painting
1776107544.9225864,5.43,0,6.318,0.0,N/A,Painting
1776107544.9286246,5.44,0,6.32,0.0,N/A,Painting
1776107544.936094,5.45,0,6.322,0.0,N/A,Painting
1776107544.9451358,5.46,0,6.324,0.0,N/A,Painting
1776107544.9527285,5.46,0,6.327,0.0,N/A,Painting
1776107544.9608467,5.47,0,6.33,0.0,N/A,Painting
1776107544.9685578,5.48,0,6.333,0.0,N/A,Painting
1776107544.976592,5.49,0,6.336,0.0,N/A,Painting
1776107544.984723,5.5,0,6.34,0.0,N/A,Painting
1776107544.9936163,5.5,0,6.344,0.0,N/A,Painting
1776107545.001371,5.51,0,6.348,0.0,N/A,Painting
1776107545.0095618,5.52,0,6.352,0.0,N/A,Painting
1776107545.0171213,5.53,0,6.356,0.0,N/A,Painting
1776107545.0252743,5.54,0,6.361,0.0,N/A,Painting
1776107545.0336757,5.54,0,6.365,0.0,N/A,Painting
1776107545.0423455,5.55,0,6.37,0.0,N/A,Painting
1776107545.0499485,5.56,0,6.374,0.0,N/A,Painting
1776107545.0581582,5.57,0,6.379,0.0,N/A,Painting
1776107545.065257,5.58,0,6.383,0.0,N/A,Painting
1776107545.0733974,5.58,0,6.388,0.0,N/A,Painting
1776107545.082006,5.59,0,6.392,0.0,N/A,Painting
1776107545.089791,5.6,0,6.396,0.0,N/A,Painting
1776107545.0981941,5.61,0,6.4,0.0,N/A,Painting
1776107545.1058497,5.62,0,6.404,0.0,N/A,Painting
1776107545.1128964,5.62,0,6.408,0.0,N/A,Painting
1776107545.122093,5.63,0,6.412,0.0,N/A,Painting
1776107545.1301832,5.64,0,6.416,0.0,N/A,Painting
1776107545.1380491,5.65,0,6.419,0.0,N/A,Painting
1776107545.1461673,5.66,0,6.422,0.0,N/A,Painting
1776107545.1541898,5.67,0,6.425,0.0,N/A,Painting
1776107545.1617796,5.67,0,6.428,0.0,N/A,Painting
1776107545.170488,5.68,0,6.431,0.0,N/A,Painting
1776107545.1750243,5.69,0,6.434,0.0,N/A,Painting
1776107545.183087,5.69,0,6.436,0.0,N/A,Painting
1776107545.191144,5.7,0,6.439,0.0,N/A,Painting
1776107545.1988566,5.71,0,6.441,0.0,N/A,Painting
1776107545.207105,5.72,0,6.443,0.0,N/A,Painting
1776107545.216746,5.73,0,6.445,0.0,N/A,Painting
1776107545.2254236,5.74,0,6.446,0.0,N/A,Painting
1776107545.2329862,5.74,0,6.448,0.0,N/A,Painting
1776107545.2410164,5.75,0,6.449,0.0,N/A,Painting
1776107545.2490952,5.76,0,6.45,0.0,N/A,Painting
1776107545.2565503,5.77,0,6.451,0.0,N/A,Painting
1776107545.2647908,5.78,0,6.452,0.0,N/A,Painting
1776107545.2740223,5.79,0,6.453,0.0,N/A,Painting
1776107545.2807224,5.79,0,6.454,0.0,N/A,Painting
1776107545.2893438,5.8,0,6.455,0.0,N/A,Painting
1776107545.2970765,5.81,0,6.456,0.0,N/A,Painting
1776107545.3022177,5.81,0,6.457,0.0,N/A,Painting
1776107545.3093498,5.82,0,6.459,0.0,N/A,Painting
1776107545.317481,5.83,0,6.461,0.0,N/A,Painting
1776107545.3265314,5.84,0,6.462,0.0,N/A,Painting
1776107545.3345459,5.85,0,6.464,0.0,N/A,Painting
1776107545.3427072,5.85,0,6.466,0.0,N/A,Painting
1776107545.3502767,5.86,0,6.468,0.0,N/A,Painting
1776107545.3579605,5.87,0,6.471,0.0,N/A,Painting
1776107545.3662994,5.88,0,6.473,0.0,N/A,Painting
1776107545.3714235,5.88,0,6.476,0.0,N/A,Painting
1776107545.378976,5.89,0,6.478,0.0,N/A,Painting
1776107545.3886912,5.9,0,6.481,0.0,N/A,Painting
1776107545.3969123,5.91,0,6.484,0.0,N/A,Painting
1776107545.405107,5.92,0,6.487,0.0,N/A,Painting
1776107545.41329,5.92,0,6.489,0.0,N/A,Painting
1776107545.4221003,5.93,0,6.492,0.0,N/A,Painting
1776107545.431173,5.94,0,6.495,0.0,N/A,Painting
1776107545.4412968,5.95,0,6.498,0.0,N/A,Painting
1776107545.446048,5.96,0,6.501,0.0,N/A,Painting
1776107545.455603,5.97,0,6.504,0.0,N/A,Painting
1776107545.4617853,5.97,0,6.507,0.0,N/A,Painting
1776107545.4679918,5.98,0,6.51,0.0,N/A,Painting
1776107545.4776425,5.99,0,6.512,0.0,N/A,Painting
1776107545.4868438,6.0,0,6.514,0.0,N/A,Painting
1776107545.4962425,6.01,0,6.516,0.0,N/A,Painting
1776107545.5058856,6.02,0,6.518,0.0,N/A,Painting
1776107545.5130668,6.02,0,6.52,0.0,N/A,Painting
1776107545.5212262,6.03,0,6.521,0.0,N/A,Painting
1776107545.5304172,6.04,0,6.522,0.0,N/A,Painting
1776107545.5382385,6.05,0,6.523,0.0,N/A,Painting
1776107545.546533,6.06,0,6.524,0.0,N/A,Painting
1776107545.5552623,6.07,0,6.525,0.0,N/A,Painting
1776107545.5639246,6.08,0,6.526,0.0,N/A,Painting
1776107545.5711856,6.08,0,6.528,0.0,N/A,Painting
1776107545.579219,6.09,0,6.53,0.0,N/A,Painting
1776107545.586835,6.1,0,6.532,0.0,N/A,Painting
1776107545.5954623,6.11,0,6.535,0.0,N/A,Painting
1776107545.60303,6.11,0,6.537,0.0,N/A,Painting
1776107545.611159,6.12,0,6.54,0.0,N/A,Painting
1776107545.6188035,6.13,0,6.543,0.0,N/A,Painting
1776107545.6275034,6.14,0,6.546,0.0,N/A,Painting
1776107545.6350453,6.15,0,6.549,0.0,N/A,Painting
1776107545.6431968,6.15,0,6.553,0.0,N/A,Painting
1776107545.6488914,6.16,0,6.556,0.0,N/A,Painting
1776107545.65548,6.17,0,6.56,0.0,N/A,Painting
1776107545.6640556,6.18,0,6.563,0.0,N/A,Painting
1776107545.672267,6.18,0,6.566,0.0,N/A,Painting
1776107545.6810715,6.19,0,6.57,0.0,N/A,Painting
1776107545.688166,6.2,0,6.573,0.0,N/A,Painting
1776107545.6959593,6.21,0,6.576,0.0,N/A,Painting
1776107545.7035294,6.21,0,6.58,0.0,N/A,Painting
1776107545.7118134,6.22,0,6.583,0.0,N/A,Painting
1776107545.720345,6.23,0,6.586,0.0,N/A,Painting
1776107545.7284117,6.24,0,6.589,0.0,N/A,Painting
1776107545.736509,6.25,0,6.592,0.0,N/A,Painting
1776107545.7453275,6.26,0,6.595,0.0,N/A,Painting
1776107545.754229,6.27,0,6.598,0.0,N/A,Painting
1776107545.761191,6.27,0,6.601,0.0,N/A,Painting
1776107545.7692716,6.28,0,6.603,0.0,N/A,Painting
1776107545.7779162,6.29,0,6.606,0.0,N/A,Painting
1776107545.786494,6.3,0,6.608,0.0,N/A,Painting
1776107545.7952375,6.31,0,6.61,0.0,N/A,Painting
1776107545.8024657,6.31,0,6.612,0.0,N/A,Painting
1776107545.8106694,6.32,0,6.614,0.0,N/A,Painting
1776107545.820036,6.33,0,6.616,0.0,N/A,Painting
1776107545.83073,6.34,0,6.618,0.0,N/A,Painting
1776107545.8382843,6.35,0,6.619,0.0,N/A,Painting
1776107545.8453557,6.36,0,6.62,0.0,N/A,Painting
1776107545.8543987,6.37,0,6.622,0.0,N/A,Painting
1776107545.861966,6.37,0,6.623,0.0,N/A,Painting
1776107545.870705,6.38,0,6.624,0.0,N/A,Painting
1776107545.8782654,6.39,0,6.625,0.0,N/A,Painting
1776107545.8860562,6.4,0,6.626,0.0,N/A,Painting
1776107545.8943038,6.41,0,6.626,0.0,N/A,Painting
1776107545.9024518,6.41,0,6.627,0.0,N/A,Painting
1776107545.9095626,6.42,0,6.628,0.0,N/A,Painting
1776107545.9182155,6.43,0,6.629,0.0,N/A,Painting
1776107545.925779,6.44,0,6.63,0.0,N/A,Painting
1776107545.9335237,6.44,0,6.631,0.0,N/A,Painting
1776107545.9417636,6.45,0,6.632,0.0,N/A,Painting
1776107545.9500313,6.46,0,6.633,0.0,N/A,Painting
1776107545.9588912,6.47,0,6.635,0.0,N/A,Painting
1776107545.966381,6.48,0,6.636,0.0,N/A,Painting
1776107545.974406,6.49,0,6.638,0.0,N/A,Painting
1776107545.9823148,6.49,0,6.64,0.0,N/A,Painting
1776107545.9893847,6.5,0,6.641,0.0,N/A,Painting
1776107545.998367,6.51,0,6.643,0.0,N/A,Painting
1776107546.0064232,6.52,0,6.645,0.0,N/A,Painting
1776107546.014124,6.53,0,6.648,0.0,N/A,Painting
1776107546.022588,6.53,0,6.65,0.0,N/A,Painting
1776107546.0303173,6.54,0,6.652,0.0,N/A,Painting
1776107546.0384018,6.55,0,6.655,0.0,N/A,Painting
1776107546.043689,6.55,0,6.657,0.0,N/A,Painting
1776107546.0521355,6.56,0,6.659,0.0,N/A,Painting
1776107546.061096,6.57,0,6.662,0.0,N/A,Painting
1776107546.0691288,6.58,0,6.664,0.0,N/A,Painting
1776107546.0768266,6.59,0,6.666,0.0,N/A,Painting
1776107546.0862029,6.6,0,6.669,0.0,N/A,Painting
1776107546.0944614,6.61,0,6.671,0.0,N/A,Painting
1776107546.0999901,6.61,0,6.673,0.0,N/A,Painting
1776107546.1081488,6.62,0,6.675,0.0,N/A,Painting
1776107546.1163638,6.63,0,6.677,0.0,N/A,Painting
1776107546.1255107,6.64,0,6.678,0.0,N/A,Painting
1776107546.1341264,6.65,0,6.68,0.0,N/A,Painting
1776107546.1416864,6.65,0,6.681,0.0,N/A,Painting
1776107546.1498437,6.66,0,6.682,0.0,N/A,Painting
1776107546.1580803,6.67,0,6.683,0.0,N/A,Painting
1776107546.1658154,6.68,0,6.684,0.0,N/A,Painting
1776107546.1744123,6.69,0,6.685,0.0,N/A,Painting
1776107546.18225,6.69,0,6.686,0.0,N/A,Painting
1776107546.1898255,6.7,0,6.687,0.0,N/A,Painting
1776107546.1985278,6.71,0,6.689,0.0,N/A,Painting
1776107546.2058964,6.72,0,6.69,0.0,N/A,Painting
1776107546.2140386,6.73,0,6.692,0.0,N/A,Painting
1776107546.2225797,6.73,0,6.694,0.0,N/A,Painting
1776107546.2301986,6.74,0,6.696,0.0,N/A,Painting
1776107546.2387168,6.75,0,6.698,0.0,N/A,Painting
1776107546.246379,6.76,0,6.7,0.0,N/A,Painting
1776107546.2544274,6.77,0,6.702,0.0,N/A,Painting
1776107546.2622583,6.77,0,6.705,0.0,N/A,Painting
1776107546.2703898,6.78,0,6.707,0.0,N/A,Painting
1776107546.278531,6.79,0,6.71,0.0,N/A,Painting
1776107546.2863712,6.8,0,6.713,0.0,N/A,Painting
1776107546.2945793,6.81,0,6.715,0.0,N/A,Painting
1776107546.302127,6.81,0,6.718,0.0,N/A,Painting
1776107546.310857,6.82,0,6.721,0.0,N/A,Painting
1776107546.318898,6.83,0,6.723,0.0,N/A,Painting
1776107546.3267126,6.84,0,6.726,0.0,N/A,Painting
1776107546.3359241,6.85,0,6.728,0.0,N/A,Painting
1776107546.342635,6.85,0,6.731,0.0,N/A,Painting
1776107546.3503351,6.86,0,6.733,0.0,N/A,Painting
1776107546.3554816,6.87,0,6.736,0.0,N/A,Painting
1776107546.3632038,6.87,0,6.738,0.0,N/A,Painting
1776107546.3711271,6.88,0,6.74,0.0,N/A,Painting
1776107546.379164,6.89,0,6.743,0.0,N/A,Painting
1776107546.3873637,6.9,0,6.745,0.0,N/A,Painting
1776107546.3949938,6.91,0,6.746,0.0,N/A,Painting
1776107546.4030201,6.91,0,6.748,0.0,N/A,Painting
1776107546.4111845,6.92,0,6.75,0.0,N/A,Painting
1776107546.4189289,6.93,0,6.752,0.0,N/A,Painting
1776107546.426991,6.94,0,6.753,0.0,N/A,Painting
1776107546.4345438,6.95,0,6.755,0.0,N/A,Painting
1776107546.4427092,6.95,0,6.756,0.0,N/A,Painting
1776107546.4513583,6.96,0,6.757,0.0,N/A,Painting
1776107546.4589348,6.97,0,6.759,0.0,N/A,Painting
